food_group_id,food_group
24,American Indian/Alaska Native Foods
3,Baby Foods
18,Baked Products
13,Beef Products
14,Beverages
8,Breakfast Cereals
20,Cereal Grains and Pasta
1,Dairy and Egg Products
26,Dietary supplements
21,Fast Foods
4,Fats and Oils
15,Finfish and Shellfish Products
9,Fruits and Fruit Juices
17,"Lamb, Veal, and Game Products"
16,Legumes and Legume Products
22,"Meals, Entrees, and Side Dishes"
12,Nut and Seed Products
27,Phytotherapeutic agents
10,Pork Products
5,Poultry Products
25,Restaurant Foods
7,Sausages and Luncheon Meats
23,Snacks
6,"Soups, Sauces, and Gravies"
2,Spices and Herbs
19,Sweets
11,Vegetables and Vegetable Products
