meal_plan_id,meal_plan_type_id,created_at,name
1100799,2,2020-02-27T19:28:10Z,Charite-C2-1900-15-VegetarianL
1100646,2,2020-02-27T18:41:27Z,Charite-C2-1800-10
1100810,2,2020-02-27T19:33:08Z,Charite-C2-1300-14
1098967,2,2020-02-27T08:49:07Z,Charite-C2-1500-09-Pescatarian
1098957,2,2020-02-27T08:34:20Z,Charite-C2-1700-08
1101039,2,2020-02-27T20:58:39Z,UoS-C1-1500-07
1101002,2,2020-02-27T20:43:45Z,UoS-C1-2000-06
1100748,2,2020-02-27T19:11:03Z,Charite-C2-1800-11-Pescatarian
2292244,2,2021-08-31T13:16:13Z,IHU-B2-3700-20-A-NA
1100954,2,2020-02-27T20:20:04Z,Charite-C2-1800-18
1100758,2,2020-02-27T19:14:13Z,Charite-C2-1800-12
1100894,2,2020-02-27T20:00:30Z,Charite-C2-1600-16
1100972,2,2020-02-27T20:27:49Z,UoS-C1-2000-05
1100787,2,2020-02-27T19:23:48Z,Charite-C2-1600-13
1100989,2,2020-02-27T20:37:26Z,Charite-C2-1900-19
1100999,2,2020-02-27T20:43:04Z,Charite-C2-1700-20
1101058,2,2020-02-27T21:10:26Z,UoS-C1-1600-08
1101595,2,2020-02-28T09:09:08Z,UoS-C1-2000-09
1101677,2,2020-02-28T10:05:22Z,UoS-C1-1500-12
1101616,2,2020-02-28T09:23:56Z,UoS-C1-1500-10
1101663,2,2020-02-28T09:55:52Z,UoS-C1-1500-11
1101781,2,2020-02-28T10:36:55Z,UoS-C1-1800-14
1102101,2,2020-02-28T11:27:33Z,UoS-C1-2600-16(Vegetarian)
1101702,2,2020-02-28T10:19:03Z,UoS-C1-2500-13
1102047,2,2020-02-28T11:12:37Z,UoS-C1-1500-15
1102264,2,2020-02-28T12:11:09Z,UoS-C1-2000-19(Vegetarian)
1102152,2,2020-02-28T11:39:56Z,UoS-C1-2300-17(Vegetarian)
1102227,2,2020-02-28T11:56:53Z,UoS-C1-2000-18(Vegetarian)
1102781,2,2020-02-28T14:58:40Z,KUL-C4-1700-03-A-Vegetarian
1156249,2,2020-04-06T08:56:26Z,UoS-C1-2300-22
1033987,2,2020-02-04T10:49:20Z,UoS-C1-2000-44
1155256,2,2020-04-04T20:38:31Z,UoS-C1-1600-37
1053303,2,2020-02-13T09:17:42Z,UoS-C1-1500-01F
1155293,2,2020-04-04T21:36:41Z,SLB/FMH-B2-1800-14-M-NA
1079002,2,2020-02-16T21:42:49Z,FMH-B2-1500-01
1156629,2,2020-04-06T15:58:06Z,UoS-C1-1900-25
1155258,2,2020-04-04T20:38:35Z,SLB/FMH-B2-2000-12-M-NA
1155284,2,2020-04-04T21:25:11Z,SLB/FMH-B2-1800-13-M-NA
1061658,2,2020-02-14T08:55:27Z,Charite-C2-1700-01
1075294,2,2020-02-14T12:59:57Z,Charite-C2-1700-03
1155301,2,2020-04-04T21:54:20Z,SLB/FMH-B2-2400-15-M-NA
1155257,2,2020-04-04T20:38:34Z,UoS-C1-1600-36
1073345,2,2020-02-14T12:22:10Z,Charite-C2-1700-02
1078879,2,2020-02-16T19:41:14Z,Charite-C2-2000-47
1156572,2,2020-04-06T15:04:33Z,UoS-C1-2200-23
1049023,2,2020-02-11T13:53:06Z,UoS-C1-2400-50
1080390,2,2020-02-17T15:49:54Z,UoS-C1-2000-03
1076295,2,2020-02-14T14:30:08Z,Charite-C2-1500-05-VegetarianL
1078871,2,2020-02-16T19:28:58Z,UoS-C1-2100-47
1078929,2,2020-02-16T20:28:10Z,Charite-C2-2000-46-Pescatarian
1170362,2,2020-04-20T08:11:39Z,KUL-C4-1200-07-A-vegetarianL
1170349,2,2020-04-20T07:39:58Z,KUL-C3-1200-05-A-NA
1170374,2,2020-04-20T08:35:27Z,UoS-B1-1900-22
1170353,2,2020-04-20T07:50:25Z,UoS-B1-1800-19
1170607,2,2020-04-20T12:19:08Z,SLB/FMH-B2-2800-28-M-NA
1170405,2,2020-04-20T09:09:55Z,KUL-C4-1300-10-A-vegetarian
1170357,2,2020-04-20T07:58:53Z,Charite-C2-2100-45
1080340,2,2020-02-17T15:29:52Z,UoS-C1-1500-02F
1170371,2,2020-04-20T08:27:56Z,KUL-C4-1200-08-A-NA
1170412,2,2020-04-20T09:17:14Z,UoS-B1-1900-23
1170355,2,2020-04-20T07:52:50Z,KUL-C4-1200-06-A-vegan
1080427,2,2020-02-17T16:04:25Z,UoS-C1-1800-04
1170389,2,2020-04-20T08:49:36Z,UoS-B1-1800-21
1156571,2,2020-04-06T15:04:28Z,UoS-C1-1700-38
1170382,2,2020-04-20T08:42:23Z,KUL-C3-1200-09-A-NA
1170454,2,2020-04-20T10:01:44Z,SLB/FMH-B2-3600-26-M-NA
1156231,2,2020-04-06T08:21:15Z,UoS-C1-2500-21
1142309,2,2020-03-23T09:43:27Z,Charite-C2-1200-32-Pescatarian
1143036,2,2020-03-23T20:09:29Z,Charite-C2-1200-36-VegetarianL
1142336,2,2020-03-23T10:39:21Z,Charite-C2-1400-33-VegetarianL
1142722,2,2020-03-23T16:55:37Z,Charite-C2-1400-34-Pescatarian
1157479,2,2020-04-07T10:33:41Z,UoS-C1-1700-27
1170438,2,2020-04-20T09:41:42Z,UoS-B1-2000-24
1142900,2,2020-03-23T18:32:39Z,Charite-C2-1400-35
1144270,2,2020-03-24T19:57:02Z,Charite-C2-1234-40
1143126,2,2020-03-23T21:31:05Z,Charite-C2-1400-37
1156597,2,2020-04-06T15:24:42Z,UoS-C1-2100-24
1143173,2,2020-03-23T22:37:04Z,Charite-C2-1200-38-Pescatarian
1170456,2,2020-04-20T10:06:15Z,UoS-B1-2000-25
1086955,2,2020-02-20T08:10:46Z,KUL-C4-1400-01
1144198,2,2020-03-24T18:54:58Z,Charite-C2-1200-39-VegetarianL
1144765,2,2020-03-25T10:53:34Z,Charite-C2-1900-42-Pescatarian
1157466,2,2020-04-07T10:24:17Z,UoS-C1-1500-34
1157525,2,2020-04-07T11:12:33Z,UoS-C1-1600-28
1157429,2,2020-04-07T09:44:24Z,UoS-C1-1800-26
1170550,2,2020-04-20T11:33:28Z,SLB/FMH-B2-3000-27-M-NA
1170727,2,2020-04-20T13:56:07Z,KUL-C3-1300-13-A-vegetarian
1157562,2,2020-04-07T11:39:34Z,UoS-C1-2400-29
1144694,2,2020-03-25T08:50:37Z,Charite-C2-1800-41
1170742,2,2020-04-20T14:05:43Z,KUL-C4-1300-15-A-Pescatarian
1115714,2,2020-03-05T16:07:14Z,UoS-C1-1900-43
1157583,2,2020-04-07T12:03:32Z,UoS-C1-2600-30
1157730,2,2020-04-07T14:32:08Z,UoS-C1-2100-32
1157719,2,2020-04-07T14:20:16Z,UoS-C1-2000-31
1170713,2,2020-04-20T13:49:03Z,SLB/FMH-B2-3000-29-M-VEGETARIAN
1170643,2,2020-04-20T12:52:36Z,KUL-C3-1300-11-A-NA
1171068,2,2020-04-20T17:28:34Z,SLB/FMH-B2-2200-31-M-NA
1093715,2,2020-02-24T14:17:30Z,Charite-C2-1600-06
1171306,2,2020-04-20T19:45:49Z,SLB/FMH-B2-3400-34-M-NA
1171041,2,2020-04-20T17:00:42Z,SLB/FMH-B2-2600-30-M-NA
1171200,2,2020-04-20T18:41:56Z,SLB/FMH-B2-4000-33-M-NA
1096688,2,2020-02-26T11:12:05Z,Charite-C2-1700-07
1096781,2,2020-02-26T11:39:19Z,UoS-C1-2100-46
1100934,2,2020-02-27T20:13:33Z,UoS-B1-1200-03
1117654,2,2020-03-06T11:57:50Z,SLB/FMH-B2-3600-01
1171346,2,2020-04-20T20:17:08Z,SLB/FMH-B2-3800-35-M-NA
1171147,2,2020-04-20T18:02:03Z,SLB/FMH-B2-2000-32-M-NA
1146240,2,2020-03-26T15:21:08Z,Charite-C2-1800-44
1146034,2,2020-03-26T12:22:43Z,UoS-C1-2500-20
1172265,2,2020-04-21T13:30:38Z,IHU-B2-4500-13-A-NA
1146198,2,2020-03-26T14:39:32Z,Charite-C2-1800-43
1159845,2,2020-04-09T14:55:44Z,UoS-C1-2000-45
1174252,2,2020-04-22T18:00:08Z,IHU-B2-4500-14-A-NA
1159816,2,2020-04-09T14:26:55Z,UoS-C1-1500-33
1159951,2,2020-04-09T16:40:08Z,UoS-C1-1750-39
1159872,2,2020-04-09T15:19:59Z,UoS-C1-1500-35
1160612,2,2020-04-10T08:29:43Z,UoS-C1-1900-42
1171939,2,2020-04-21T08:51:46Z,KUL-C4-1400-14-A-NA
1076177,2,2020-02-14T13:46:57Z,Charite-C2-1800-04
1171909,2,2020-04-21T07:17:35Z,KUL-C3-1400-12-A-NA
1162561,2,2020-04-13T09:00:10Z,IHU-B1-1300-5-A-NA
1172213,2,2020-04-21T12:42:32Z,IHU-B2-3400-7-A-NA
1163147,2,2020-04-13T18:06:55Z,IHU-C3-1200-2-A-VegetarianL
1162552,2,2020-04-13T08:44:39Z,IHU-C3-1200-1-A-VegetarianO
1172236,2,2020-04-21T13:04:05Z,IHU-B2-4000-10-A-NA
1162967,2,2020-04-13T16:07:51Z,IHU-C3-1200-3-A-NA
1171952,2,2020-04-21T09:04:13Z,KUL-C4-1400-16-A-NA
1172180,2,2020-04-21T12:18:00Z,IHU-B2-3200-4-A-NA
1163858,2,2020-04-14T10:51:37Z,IHU-B1-1400-9-A-NA
1163711,2,2020-04-14T05:57:32Z,UoS-B1-1300-05
1172082,2,2020-04-21T11:08:42Z,IHU-B2-3000-1-A-NA
1164035,2,2020-04-14T13:42:55Z,IHU-B1-1500-10-A-NA
1174344,2,2020-04-22T18:59:23Z,IHU-C3-2000-23-A-NA
1163797,2,2020-04-14T09:53:16Z,IHU-B1-1400-7-A-NA
1174278,2,2020-04-22T18:19:41Z,IHU-B2-4500-15-A-NA
1174434,2,2020-04-22T20:01:03Z,KUL-C4-1800-35-A-NA
1163754,2,2020-04-14T08:35:50Z,IHU-B1-1300-6-A-NA
1163842,2,2020-04-14T10:31:56Z,IHU-B1-1400-8-A-NA
1163814,2,2020-04-14T10:06:32Z,IHU-B1-1300-4-A-NA
1172801,2,2020-04-21T19:52:49Z,KUL-C4-1400-17-A-NA
1172869,2,2020-04-21T20:46:57Z,KUL-C4-1500-19-A-Vegetarian
1174397,2,2020-04-22T19:36:02Z,IHU-C3-1900-22-A-NA
1172844,2,2020-04-21T20:19:10Z,KUL-C3-1500-18-A-Vegan
1164043,2,2020-04-14T13:52:13Z,IHU-B1-1500-11-A-NA
1164108,2,2020-04-14T14:43:14Z,SLB/FMH-B2-1800-16-F-NA
1164965,2,2020-04-15T06:06:05Z,IHU-B1-1800-20-A-NA
1164074,2,2020-04-14T14:12:34Z,IHU-B1-1600-14-A-NA
1164058,2,2020-04-14T14:05:18Z,IHU-B1-1600-13-A-NA
1164220,2,2020-04-14T16:35:04Z,SLB/FMH-B2-1600-18-F-NA
1164082,2,2020-04-14T14:20:52Z,IHU-B1-1600-15-A-NA
1164956,2,2020-04-15T05:33:24Z,IHU-B1-1700-16-A-NA
1164193,2,2020-04-14T16:07:57Z,SLB/FMH-B2-1600-17-F-NA
1136579,2,2020-03-17T16:02:56Z,SLB/FMH-B2-2000-10-M-NA
1172946,2,2020-04-21T21:54:55Z,Charite-C2-2100-49
1164959,2,2020-04-15T05:49:13Z,IHU-B1-1700-18-A-NA
1164960,2,2020-04-15T05:57:34Z,IHU-B1-1800-19-A-NA
1164958,2,2020-04-15T05:40:25Z,IHU-B1-1700-17-A-NA
1164966,2,2020-04-15T06:09:38Z,IHU-B1-1800-21-A-NA
1172921,2,2020-04-21T21:35:40Z,KUL-C4-1500-22-1-Vegetarian
1172883,2,2020-04-21T20:59:22Z,KUL-C4-1500-20-A-NA
1165005,2,2020-04-15T08:18:53Z,IHU-B1-1900-22-A-NA
1165027,2,2020-04-15T08:40:45Z,IHU-B1-1900-23-A-NA
1165036,2,2020-04-15T09:01:45Z,IHU-B1-1900-24-A-NA
1165187,2,2020-04-15T11:49:26Z,UoS-B1-1200-01
1172917,2,2020-04-21T21:27:36Z,Charite-C2-2100-48
1165628,2,2020-04-15T18:20:24Z,SLB/FMH-B2-2000-20-F-NA
1165397,2,2020-04-15T15:22:04Z,IHU-B1-2000-27-A-NA
1165391,2,2020-04-15T15:19:24Z,IHU-B1-2000-25-A-NA
1165450,2,2020-04-15T15:57:38Z,IHU-B1-2000-26-A-NA
1133210,2,2020-03-14T22:33:57Z,SLB/FMH-B2-3800-03
1165587,2,2020-04-15T17:53:57Z,SLB/FMH-B2-2000-19-F-NA
1165698,2,2020-04-15T18:59:33Z,UoS-C1-2200-48
1165714,2,2020-04-15T19:12:00Z,SLB/FMH-B2-2400-22-F-NA
1172892,2,2020-04-21T21:09:57Z,KUL-C4-1500-21-A-NA
1133193,2,2020-03-14T21:58:27Z,SLB/FMH-B2-4200-02
1165730,2,2020-04-15T19:30:47Z,SLB/FMH-B2-2400-21-F-NA
1166217,2,2020-04-16T06:34:19Z,IHU-B1-1200-1-A-NA
1174449,2,2020-04-22T20:10:48Z,KUL-C4-1800-36-A-Vegetarian
1166220,2,2020-04-16T06:44:11Z,IHU-B1-1200-3-A-NA
1166219,2,2020-04-16T06:43:34Z,IHU-B1-1200-2-A-NA
1049022,2,2020-02-11T13:53:04Z,UoS-C1-2300-49
1134842,2,2020-03-16T15:22:09Z,UoS-C1-1800-41
1136401,2,2020-03-17T14:33:28Z,UoS-C1-1800-40
1134784,2,2020-03-16T15:04:28Z,SLB/FMH-B2-2400-04-M-NA
1134890,2,2020-03-16T15:50:51Z,SLB/FMH-B2-2000-06-M-NA
1174479,2,2020-04-22T20:27:47Z,KUL-C3-1900-37-A-NA
1134843,2,2020-03-16T15:22:13Z,SLB/FMH-B2-2100-05-M-NA
1136402,2,2020-03-17T14:35:01Z,SLB/FMH-B2-2700-07-M-NA
1173380,2,2020-04-22T07:33:03Z,KUL-C3-1600-23-A-NA
1173400,2,2020-04-22T08:29:31Z,KUL-C3-1600-24-A-Vegetarian
1173475,2,2020-04-22T09:39:50Z,KUL-C3-1700-27-A-NA
1173417,2,2020-04-22T08:54:21Z,KUL-C4-1600-25-A-VegetarianO
1173452,2,2020-04-22T09:25:33Z,KUL-C4-1600-26-A-NA
1115713,2,2020-03-05T16:07:13Z,UoS-B1-1300-04
1167549,2,2020-04-17T09:29:45Z,UoS-B1-1400-07
1136512,2,2020-03-17T15:21:35Z,SLB/FMH-B2-1800-09-M-NA
1136454,2,2020-03-17T14:54:00Z,SLB/FMH-B2-2000-08-M-NA
1167792,2,2020-04-17T13:56:29Z,UoS-B1-1700-17
1167575,2,2020-04-17T10:15:05Z,UoS-B1-1500-10
1167613,2,2020-04-17T11:04:20Z,UoS-B1-1500-12
1167559,2,2020-04-17T09:47:45Z,UoS-B1-1400-08
1173516,2,2020-04-22T10:11:34Z,KUL-C4-1700-28-A-Vegetarian
1167772,2,2020-04-17T13:39:24Z,UoS-B1-1700-16
1167907,2,2020-04-17T15:46:56Z,SLB/FMH-B2-2000-25-F-NA
1167511,2,2020-04-17T08:38:24Z,KUL-C4-1300-01-A-NA
1173532,2,2020-04-22T10:23:16Z,KUL-C3-1600-29-A-Pescatarian
1173552,2,2020-04-22T10:40:25Z,KUL-C4-1700-30-A-NA
1167654,2,2020-04-17T11:47:58Z,UoS-B1-1600-14
1167637,2,2020-04-17T11:27:22Z,UoS-B1-1600-13
1167595,2,2020-04-17T10:41:58Z,UoS-B1-1500-11
1167567,2,2020-04-17T10:00:35Z,UoS-B1-1400-09
1174537,2,2020-04-22T20:59:38Z,KUL-C4-1900-39-A-NA
1167876,2,2020-04-17T15:22:47Z,SLB/FMH-B2-1600-24-F-NA
1167852,2,2020-04-17T14:57:18Z,SLB/FMH-B2-2200-23-F-NA
1138173,2,2020-03-18T17:38:45Z,Charite-C2-1500-24-Pescatarian
1137986,2,2020-03-18T15:38:43Z,Charite-C2-1400-22
1174128,2,2020-04-22T16:47:14Z,IHU-B2-3400-8-A-NA
1138087,2,2020-03-18T16:49:39Z,Charite-C2-1300-23
1174220,2,2020-04-22T17:39:56Z,IHU-B2-4000-12-A-NA
1174151,2,2020-04-22T16:59:50Z,IHU-C3-1800-19-A-NA
1138183,2,2020-03-18T17:43:25Z,SLB/FMH-B2-1800-11-M-NA
1137906,2,2020-03-18T14:37:25Z,Charite-C2-1300-21
1139674,2,2020-03-19T21:46:24Z,Charite-C2-1400-27
1174031,2,2020-04-22T16:00:14Z,IHU-C3-1600-13-A-NA
1139960,2,2020-03-20T09:39:33Z,Charite-C2-1500-29
1174548,2,2020-04-22T21:07:59Z,KUL-C3-1900-38-A-Vegetarian
1139510,2,2020-03-19T19:27:56Z,Charite-C2-1500-25
1174150,2,2020-04-22T16:58:55Z,IHU-C3-1800-18-A-NA
1139624,2,2020-03-19T21:08:55Z,Charite-C2-1500-26
1174043,2,2020-04-22T16:08:56Z,IHU-B2-3200-5-A-Vegan
1173867,2,2020-04-22T14:12:26Z,KUL-C4-1800-32-A-NA
1173879,2,2020-04-22T14:23:17Z,KUL-C3-1800-33-A-NA
1173877,2,2020-04-22T14:21:26Z,IHU-C3-1400-7-A-NA
1173891,2,2020-04-22T14:29:33Z,KUL-C3-1800-34-A-Vegetarian
1173849,2,2020-04-22T13:59:46Z,KUL-C3-1800-31-A-NA
1174159,2,2020-04-22T17:03:01Z,IHU-B2-3400-9-A-NA
1173875,2,2020-04-22T14:20:42Z,IHU-C3-1400-8-A-NA
1174028,2,2020-04-22T15:59:14Z,IHU-C3-1600-12-A-NA
1142015,2,2020-03-22T21:21:07Z,Charite-C2-1400-30-Vegetarian
1174090,2,2020-04-22T16:29:02Z,IHU-B2-3200-6-A-NA
1174158,2,2020-04-22T17:02:55Z,IHU-C3-2000-24-A-NA
1174510,2,2020-04-22T20:44:34Z,KUL-C4-1900-40-A-Vegetarian
1174161,2,2020-04-22T17:03:43Z,IHU-C3-2000-25-A-NA
1174573,2,2020-04-22T21:26:40Z,KUL-C3-1900-41-A-Pescatarian
1170339,2,2020-04-20T07:12:06Z,KUL-C4-1200-04-A-vegetarian
1142069,2,2020-03-22T22:58:13Z,Charite-C2-1600-31-VegetarianL
1175409,2,2020-04-23T13:58:25Z,KUL-C4-2100-48-A-Vegetarian
1175051,2,2020-04-23T07:21:07Z,KUL-C3-2000-42-A-NA
1175056,2,2020-04-23T07:30:56Z,KUL-C4-2000-43-A-NA
1175059,2,2020-04-23T07:36:01Z,KUL-C4-2000-44-A-NA
1175068,2,2020-04-23T07:56:03Z,KUL-C4-2000-45-A-Vegetarian
1175067,2,2020-04-23T07:52:37Z,IHU-B2-3000-3-A-NA
1175296,2,2020-04-23T12:04:26Z,KUL-C4-2100-46-A-Pescatarian
1175367,2,2020-04-23T13:34:21Z,KUL-C4-2100-47-A-NA
1175445,2,2020-04-23T14:26:59Z,KUL-C4-2100-50-A-NA
1173967,2,2020-04-22T15:24:14Z,IHU-B2-3000-2-A-Vegan
1175421,2,2020-04-23T14:09:02Z,KUL-C4-2100-49-A-NA
1176386,2,2020-04-24T09:54:24Z,IHU-C3-1400-6-A-NA
1176313,2,2020-04-24T06:38:43Z,IHU-C3-1500-10-A-NA
1176382,2,2020-04-24T09:45:59Z,KUL-C4-2200-54-A-NA
1176631,2,2020-04-24T13:46:05Z,KUL-C4-2300-57-A-Vegan
1176398,2,2020-04-24T10:11:34Z,IHU-C3-1800-17-A-NA
1176436,2,2020-04-24T10:48:27Z,IHU-C3-1700-16-A-NA
1174193,2,2020-04-22T17:21:58Z,IHU-B2-4000-11-A-NA
1176400,2,2020-04-24T10:12:22Z,IHU-C3-1900-21-A-NA
1176437,2,2020-04-24T10:49:03Z,IHU-C3-1500-9-A-NA
1176310,2,2020-04-24T06:13:28Z,KUL-C4-2200-52-A-NA
1176312,2,2020-04-24T06:37:51Z,IHU-C3-1300-4-A-NA
1176652,2,2020-04-24T13:59:10Z,KUL-C4-2300-58-A-NA
1176377,2,2020-04-24T09:40:49Z,IHU-C3-1300-5-A-NA
1176372,2,2020-04-24T09:33:50Z,IHU-C3-1900-20-A-VegetarianO
1176298,2,2020-04-24T05:50:59Z,KUL-C4-2200-51-A-NA
1176321,2,2020-04-24T07:08:23Z,KUL-C4-2200-53-A-Vegetarian
1177121,2,2020-04-24T19:46:29Z,KUL-C3-2000-66-A-NA
1177083,2,2020-04-24T19:17:04Z,KUL-C3-1400-62-A-Vegetarian
1177077,2,2020-04-24T19:13:28Z,KUL-C3-1400-61-A-NA
1176600,2,2020-04-24T13:27:33Z,KUL-C4-2200-55-A-Vegetarian
1177095,2,2020-04-24T19:25:32Z,KUL-C3-1500-63-A-NA
1177114,2,2020-04-24T19:37:04Z,KUL-C3-1700-65-A-Vegan
1177125,2,2020-04-24T19:50:24Z,KUL-C3-2000-67-A-Vegetarian
1177177,2,2020-04-24T20:32:26Z,KUL-C4-2500-72-A-Vegetarian
1176314,2,2020-04-24T06:39:27Z,IHU-C3-1700-14-A-NA
1177140,2,2020-04-24T20:00:07Z,KUL-C3-1500-68-A-Pescatarian
1176358,2,2020-04-24T09:10:26Z,IHU-C3-1700-15-A-NA
1176618,2,2020-04-24T13:37:07Z,KUL-C4-2300-56-A-Pescatarian
1176387,2,2020-04-24T09:55:04Z,IHU-C3-1500-11-A-NA
1177171,2,2020-04-24T20:23:35Z,KUL-C4-2500-71-A-NA
1176676,2,2020-04-24T14:21:20Z,KUL-C4-2400-60-A-Vegetarian
1176667,2,2020-04-24T14:11:00Z,KUL-C4-2400-59-NA
1164052,2,2020-04-14T13:58:32Z,IHU-B1-1500-12-A-NA
1177162,2,2020-04-24T20:18:20Z,KUL-C4-1400-69-A-NA
1177204,2,2020-04-24T20:57:35Z,KUL-C4-2600-74-A-Vegetarian
1177151,2,2020-04-24T20:10:41Z,KUL-C4-1300-69-A-NA
1177188,2,2020-04-24T20:42:52Z,KUL-C4-2600-73-A-N1
1177213,2,2020-04-24T21:06:00Z,KUL-C4-2700-75-A-NA
1177109,2,2020-04-24T19:32:35Z,KUL-C3-1700-64-A-Vegetarian
2291878,2,2021-08-31T10:36:22Z,Charite-C2-1700-65
1077664,2,2020-02-15T11:58:28Z,UoS-B1-1200-02
1167672,2,2020-04-17T12:06:23Z,UoS-B1-1600-15
1718721,2,2021-01-28T10:58:13Z,Uos-B1-1700-18
1294899,2,2020-06-29T14:16:53Z,CERTH-TEST_1
1170368,2,2020-04-20T08:22:25Z,UoS-B1-1800-20
2241178,2,2021-08-09T09:35:47Z,UoS-B1-1750-31
2241236,2,2021-08-09T10:09:12Z,UoS-B1-1500-26
2241262,2,2021-08-09T10:22:44Z,UoS-B1-1500-27
2241291,2,2021-08-09T10:46:42Z,UoS-B1-2000-33
2241333,2,2021-08-09T11:17:41Z,UoS-B1-1500-28
2307491,2,2021-09-06T09:27:31Z,SLB/FMH-B2-1800-43-F-NA
2307610,2,2021-09-06T10:26:17Z,SLB/FMH-B2-2200-44-M-Vegetarian
2241701,2,2021-08-09T14:01:50Z,UoS-B1-1300-29
2292006,2,2021-08-31T11:40:02Z,Charite-C2-2100-68
2292019,2,2021-08-31T11:49:54Z,Charite-C2-2000-69
1710817,2,2021-01-25T12:30:20Z,CERTH-test2
2292053,2,2021-08-31T12:06:59Z,charite-c2-1900-70
1139932,2,2020-03-20T08:18:55Z,Charite-C2-2000-28-Pescatarian
1100931,2,2020-02-27T20:11:47Z,Charite-C2-2000-17
1174020,2,2020-04-22T15:52:49Z,IHU-B2-3000-3
2249336,2,2021-08-12T12:22:06Z,UoS-C1-2000-54
1172964,2,2020-04-21T22:14:17Z,Charite-C2-1800-50
2261671,2,2021-08-18T09:21:39Z,UoS-C1-2000-56
2261722,2,2021-08-18T09:53:15Z,UoS-C1-1500-57
2261863,2,2021-08-18T11:14:28Z,UoS-C1-1700-60
2261775,2,2021-08-18T10:27:15Z,UoS-C1-1400-58
2261819,2,2021-08-18T10:52:52Z,UoS-C1-1400-59
2291835,2,2021-08-31T10:23:50Z,Charite-C2-1700-64
2291657,2,2021-08-31T08:37:08Z,IHU-B2-3300-17-Α-ΝΑ
2291927,2,2021-08-31T10:56:22Z,Charite-C2-1500-66
2291723,2,2021-08-31T09:23:33Z,charite-c2-
2291636,2,2021-08-31T08:22:02Z,Charite-C2-1300-61
1167539,2,2020-04-17T09:16:43Z,UoS-B1-1300-06
2277850,2,2021-08-25T13:26:28Z,IHU-B2-3900-22-A-NA
2291701,2,2021-08-31T09:11:27Z,IHU-B2-3500-18-A-NA
2277858,2,2021-08-25T13:27:39Z,SLB/FMH-B2-2600-38-M-NA
2291727,2,2021-08-31T09:25:27Z,Charite-C2-1400-62
2272073,2,2021-08-23T13:17:10Z,Charite-C2-1500-51-Pescatarian
2277831,2,2021-08-25T13:19:31Z,SLB/FMH-B2-2000-37-M-NA
2277901,2,2021-08-25T13:42:04Z,IHU-B2-4100-23-A-NA
2278047,2,2021-08-25T14:32:24Z,IHU-B2-4300-25-A-NA
2277973,2,2021-08-25T14:09:17Z,IHU-B2-4200-24-A-NA
2291789,2,2021-08-31T10:02:17Z,Charite-C2-1400-63
2291844,2,2021-08-31T10:26:43Z,IHU-B2-3600-19-A-NA
2275072,2,2021-08-24T13:38:43Z,Charite-C2-1600-55
2275440,2,2021-08-24T15:26:35Z,IHU-C3-1200-26-A-NA
2275030,2,2021-08-24T13:24:34Z,Charite-C2-1500-54
2275679,2,2021-08-24T16:50:12Z,IHU-C3-1300-29-A-NA
2275547,2,2021-08-24T16:03:03Z,IHU-C3-1200-27-A-NA
2275639,2,2021-08-24T16:37:22Z,IHU-C3-1300-28-A-NA
2275726,2,2021-08-24T17:08:26Z,IHU-C3-1400-31-A-NA
2275703,2,2021-08-24T17:00:53Z,IHU-C3-1400-30-A-NA
2277196,2,2021-08-25T07:20:41Z,Charite-C2-1800-58
2277166,2,2021-08-25T06:25:24Z,Charite-C2-1500-56
2277131,2,2021-08-25T05:20:42Z,IHU-C3-1800-35-A-NA
2277101,2,2021-08-25T04:39:42Z,IHU-C3-1500-32-A-NA
2277261,2,2021-08-25T08:30:05Z,SLB/FMH-B2-1500-36-M-NA
2277210,2,2021-08-25T07:37:58Z,Charite-C2-2000-59
2277176,2,2021-08-25T06:51:21Z,Charite-C2-1800-57
2277116,2,2021-08-25T04:54:46Z,IHU-C3-1600-33-A-NA
2277222,2,2021-08-25T07:49:09Z,Charite-C2-1800-60
2277121,2,2021-08-25T05:06:40Z,IHU-C3-1700-34-A-NA
2277144,2,2021-08-25T05:38:08Z,IHU-B2-3800-21-A-NA
2295407,2,2021-09-01T13:33:46Z,SLB/FMH-B2-3000-39-M-NA
2301851,2,2021-09-03T12:38:47Z,SLB/FMH-B2-1800-41-M-NA
2301885,2,2021-09-03T12:47:04Z,SLB/FMH-B2-2200-42-M-NA
2289092,2,2021-08-30T13:12:52Z,IHU-B1-1300-31-A-NA
2289112,2,2021-08-30T13:20:57Z,IHU-B1-1800-37-A-NA
2243804,2,2021-08-10T08:45:34Z,UoS-B1-2200-32
2243785,2,2021-08-10T08:18:42Z,UoS-B1-1800-30
2291609,2,2021-08-31T08:06:33Z,IHU-B2-3100-16-Α-ΝΑ
2243908,2,2021-08-10T10:04:49Z,UoS-B1-2000-35
2243858,2,2021-08-10T09:30:22Z,UoS-B1-2000-34
2247131,2,2021-08-11T15:02:22Z,UoS-C1-1800-52
2291951,2,2021-08-31T11:09:56Z,Charite-C2-1900-67
2285260,2,2021-08-28T08:45:12Z,IHU-B1-1300-6 (NEW)
2285237,2,2021-08-28T08:12:02Z,IHU-B1-1200-29-Α-ΝΑ
2285197,2,2021-08-28T07:12:05Z,IHU-B1-1200-28-Α-ΝΑ
2285291,2,2021-08-28T09:14:51Z,IHU-B1-1400-33-A-NA
2249049,2,2021-08-12T08:48:08Z,UoS-C1-2000-52
2249116,2,2021-08-12T09:27:35Z,UoS-C1-1700-53
2249367,2,2021-08-12T12:43:04Z,UoS-C1-2000-55
2286841,2,2021-08-29T10:03:18Z,IHU-B1-1400-32-A-NA
2286854,2,2021-08-29T10:15:12Z,IHU-B1-1500-34-A-NA
2286869,2,2021-08-29T10:32:35Z,IHU-B1-1700-36-A-NA
2286858,2,2021-08-29T10:23:13Z,IHU-B1-1600-35-A-NA
2295441,2,2021-09-01T13:42:56Z,SLB/FMH-B2-2500-40-M-NA
2307673,2,2021-09-06T10:52:16Z,SLB/FMH-B2-2600-45-M-NA
