meal_plan_id,meal_plan_version_id,created_at
1100799,2316811,2020-02-27T19:28:10Z
1100646,2316501,2020-02-27T18:41:27Z
1100810,2316833,2020-02-27T19:33:08Z
1098967,2312941,2020-02-27T08:49:07Z
1098957,2312904,2020-02-27T08:34:20Z
1101039,2317282,2020-02-27T20:58:39Z
1101002,2317189,2020-02-27T20:43:45Z
1100748,2316730,2020-02-27T19:11:03Z
2292244,6804460,2021-08-31T13:16:13Z
1100954,2317101,2020-02-27T20:20:04Z
1100758,2316740,2020-02-27T19:14:13Z
1100894,2316983,2020-02-27T20:00:30Z
1100972,2317142,2020-02-27T20:27:49Z
1100787,2316797,2020-02-27T19:23:48Z
1100989,2317176,2020-02-27T20:37:26Z
1100999,2317186,2020-02-27T20:43:04Z
1101058,2317302,2020-02-27T21:10:26Z
1101595,2319730,2020-02-28T09:09:08Z
1101677,2319949,2020-02-28T10:05:22Z
1101616,2319798,2020-02-28T09:23:57Z
1101663,2319914,2020-02-28T09:55:52Z
1101781,2320150,2020-02-28T10:36:55Z
1102101,2320696,2020-02-28T11:27:33Z
1101702,2320021,2020-02-28T10:19:03Z
1102047,2320592,2020-02-28T11:12:37Z
1102264,2320976,2020-02-28T12:11:09Z
1102152,2320775,2020-02-28T11:39:56Z
1102227,2320930,2020-02-28T11:56:53Z
1102781,2322041,2020-02-28T14:58:40Z
1156249,2510777,2020-04-06T08:56:26Z
1033987,2157307,2020-02-04T10:49:20Z
1155256,2506560,2020-04-04T20:38:31Z
1053303,2212649,2020-02-13T09:17:42Z
1155293,2506635,2020-04-04T21:36:41Z
1079002,2249073,2020-02-16T21:42:49Z
1156629,2512478,2020-04-06T15:58:06Z
1155258,2506562,2020-04-04T20:38:35Z
1155284,2506622,2020-04-04T21:25:11Z
1061658,2225366,2020-02-14T08:55:27Z
1075294,2239746,2020-02-14T12:59:57Z
1155301,2506652,2020-04-04T21:54:20Z
1155257,2506561,2020-04-04T20:38:34Z
1073345,2237664,2020-02-14T12:22:10Z
1078879,2248717,2020-02-16T19:41:14Z
1156572,2512266,2020-04-06T15:04:33Z
1049023,2200291,2020-02-11T13:53:06Z
1080390,2253762,2020-02-17T15:49:54Z
1076295,2241018,2020-02-14T14:30:08Z
1078871,2248684,2020-02-16T19:28:58Z
1078929,2248860,2020-02-16T20:28:10Z
1170362,2570610,2020-04-20T08:12:28Z
1170349,2570495,2020-04-20T07:39:58Z
1170374,2570686,2020-04-20T08:35:27Z
1170353,2570536,2020-04-20T07:50:25Z
1170607,2572038,2020-04-20T12:19:08Z
1170405,2570917,2020-04-20T09:09:55Z
1170357,2570557,2020-04-20T07:58:53Z
1080340,2253665,2020-02-17T15:29:52Z
1170371,2570669,2020-04-20T08:28:24Z
1170412,2570962,2020-04-20T09:17:14Z
1170355,2570549,2020-04-20T07:52:50Z
1080427,2253849,2020-02-17T16:04:25Z
1170389,2570790,2020-04-20T08:49:36Z
1156571,2512265,2020-04-06T15:04:29Z
1170382,2570736,2020-04-20T08:42:23Z
1170454,2571209,2020-04-20T10:01:44Z
1156231,2510664,2020-04-06T08:21:15Z
1142309,2453116,2020-03-23T09:43:27Z
1143036,2455820,2020-03-23T20:09:29Z
1142336,2453252,2020-03-23T10:39:21Z
1142722,2454651,2020-03-23T16:55:37Z
1157479,2516110,2020-04-07T10:33:41Z
1170438,2571098,2020-04-20T09:41:42Z
1142900,2455305,2020-03-23T18:32:39Z
1144270,2461479,2020-03-24T19:57:02Z
1143126,2456088,2020-03-23T21:31:05Z
1156597,2512332,2020-04-06T15:24:42Z
1143173,2456223,2020-03-23T22:37:04Z
1170456,2571225,2020-04-20T10:06:15Z
1086955,2274012,2020-02-20T08:10:46Z
1144198,2461251,2020-03-24T18:54:58Z
1144765,2464372,2020-03-25T10:53:34Z
1157466,2516015,2020-04-07T10:24:17Z
1157525,2516335,2020-04-07T11:12:33Z
1157429,2515824,2020-04-07T09:44:24Z
1170550,2571751,2020-04-20T11:33:28Z
1170727,2572556,2020-04-20T13:56:40Z
1157562,2516506,2020-04-07T11:39:34Z
1144694,2463862,2020-03-25T08:50:37Z
1170742,2572590,2020-04-20T14:06:48Z
1115714,2359152,2020-03-05T16:07:14Z
1157583,2516560,2020-04-07T12:03:32Z
1157730,2516936,2020-04-07T14:32:08Z
1157719,2516897,2020-04-07T14:20:16Z
1170713,2572483,2020-04-20T13:49:03Z
1170643,2572191,2020-04-20T12:53:14Z
1171068,2574072,2020-04-20T17:28:34Z
1093715,2295577,2020-02-24T14:17:30Z
1171306,2574920,2020-04-20T19:45:49Z
1171041,2573928,2020-04-20T17:00:42Z
1171200,2574535,2020-04-20T18:41:56Z
1096688,2306363,2020-02-26T11:12:05Z
1096781,2306595,2020-02-26T11:39:19Z
1100934,2317050,2020-02-27T20:13:33Z
1117654,2364865,2020-03-06T11:57:50Z
1171346,2575069,2020-04-20T20:17:08Z
1171147,2574313,2020-04-20T18:02:03Z
1146240,2470757,2020-03-26T15:21:08Z
1146034,2470176,2020-03-26T12:22:43Z
1172265,2580640,2020-04-21T13:30:38Z
1146198,2470668,2020-03-26T14:39:32Z
1159845,2525823,2020-04-09T14:55:44Z
1174252,2591640,2020-04-22T18:00:08Z
1159816,2525774,2020-04-09T14:26:55Z
1159951,2526104,2020-04-09T16:40:08Z
1159872,2525896,2020-04-09T15:19:59Z
1160612,2528660,2020-04-10T08:29:43Z
1171939,2578905,2020-04-21T08:52:15Z
1076177,2240741,2020-02-14T13:46:57Z
1171909,2578600,2020-04-21T07:17:35Z
1162561,2536615,2020-04-13T09:00:10Z
1172213,2580393,2020-04-21T12:42:32Z
1163147,2538976,2020-04-13T18:08:14Z
1162552,2536562,2020-04-13T08:44:39Z
1172236,2580510,2020-04-21T13:04:05Z
1162967,2538297,2020-04-13T16:09:20Z
1171952,2579008,2020-04-21T09:04:34Z
1172180,2580258,2020-04-21T12:18:00Z
1163858,2542038,2020-04-14T10:51:37Z
1163711,2541269,2020-04-14T05:57:32Z
1172082,2579784,2020-04-21T11:08:42Z
1164035,2542713,2020-04-14T13:42:55Z
1174344,2591987,2020-04-22T19:01:42Z
1163797,2541833,2020-04-14T09:53:16Z
1174278,2591744,2020-04-22T18:19:41Z
1174434,2592305,2020-04-22T20:01:22Z
1163754,2541545,2020-04-14T08:35:50Z
1163842,2541989,2020-04-14T10:31:56Z
1163814,2541878,2020-04-14T10:06:32Z
1172801,2583213,2020-04-21T19:55:05Z
1172869,2583452,2020-04-21T20:47:43Z
1174397,2592176,2020-04-22T19:36:56Z
1172844,2583371,2020-04-21T20:19:10Z
1164043,2542744,2020-04-14T13:52:13Z
1164108,2542942,2020-04-14T14:43:14Z
1164965,2546635,2020-04-15T06:06:05Z
1164074,2542807,2020-04-14T14:12:34Z
1164058,2542776,2020-04-14T14:05:18Z
1164220,2543348,2020-04-14T16:35:04Z
1164082,2542835,2020-04-14T14:20:52Z
1164956,2546619,2020-04-15T05:33:24Z
1164193,2543262,2020-04-14T16:07:57Z
1136579,2427884,2020-03-17T16:02:56Z
1172946,2583747,2020-04-21T21:54:55Z
1164959,2546629,2020-04-15T05:49:13Z
1164960,2546630,2020-04-15T05:57:34Z
1164958,2546621,2020-04-15T05:40:25Z
1164966,2546636,2020-04-15T06:09:38Z
1172921,2583649,2020-04-21T21:36:15Z
1172883,2583527,2020-04-21T21:00:07Z
1165005,2546890,2020-04-15T08:18:53Z
1165027,2546985,2020-04-15T08:40:45Z
1165036,2547013,2020-04-15T09:01:45Z
1165187,2547916,2020-04-15T11:49:26Z
1172917,2583631,2020-04-21T21:27:36Z
1165628,2549743,2020-04-15T18:20:24Z
1165397,2549006,2020-04-15T15:57:33Z
1165391,2548738,2020-04-15T15:20:04Z
1165450,2549017,2020-04-15T15:58:20Z
1133210,2413086,2020-03-14T22:33:57Z
1165587,2549555,2020-04-15T17:53:57Z
1165698,2549924,2020-04-15T18:59:33Z
1165714,2549967,2020-04-15T19:12:00Z
1172892,2583552,2020-04-21T21:09:57Z
1133193,2413056,2020-03-14T21:58:27Z
1165730,2550009,2020-04-15T19:30:47Z
1166217,2552443,2020-04-16T06:35:01Z
1174449,2592382,2020-04-22T20:11:17Z
1166220,2552448,2020-04-16T06:44:46Z
1166219,2552446,2020-04-16T06:44:02Z
1049022,2200290,2020-02-11T13:53:04Z
1134842,2421158,2020-03-16T15:22:09Z
1136401,2427351,2020-03-17T14:33:28Z
1134784,2420976,2020-03-16T15:04:28Z
1134890,2421320,2020-03-16T15:50:51Z
1174479,2592509,2020-04-22T20:29:10Z
1134843,2421159,2020-03-16T15:22:13Z
1136402,2427352,2020-03-17T14:35:01Z
1173380,2587157,2020-04-22T07:33:03Z
1173400,2587397,2020-04-22T08:29:52Z
1173475,2587877,2020-04-22T09:44:47Z
1173417,2587518,2020-04-22T08:54:46Z
1173452,2587713,2020-04-22T09:26:09Z
1115713,2359151,2020-03-05T16:07:13Z
1167549,2557930,2020-04-17T09:29:45Z
1136512,2427661,2020-03-17T15:21:35Z
1136454,2427492,2020-03-17T14:54:00Z
1167792,2558844,2020-04-17T13:56:29Z
1167575,2558045,2020-04-17T10:15:05Z
1167613,2558199,2020-04-17T11:04:20Z
1167559,2557972,2020-04-17T09:47:45Z
1173516,2588088,2020-04-22T10:11:53Z
1167772,2558790,2020-04-17T13:39:24Z
1167907,2559211,2020-04-17T15:46:56Z
1167511,2557756,2020-04-17T08:38:24Z
1173532,2588200,2020-04-22T10:23:47Z
1173552,2588345,2020-04-22T10:40:46Z
1167654,2558379,2020-04-17T11:47:58Z
1167637,2558278,2020-04-17T11:27:22Z
1167595,2558118,2020-04-17T10:41:58Z
1167567,2558011,2020-04-17T10:00:35Z
1174537,2592719,2020-04-22T21:00:18Z
1167876,2559069,2020-04-17T15:22:47Z
1167852,2559000,2020-04-17T14:57:18Z
1138173,2434679,2020-03-18T17:38:45Z
1137986,2434058,2020-03-18T15:38:43Z
1174128,2591106,2020-04-22T16:47:14Z
1138087,2434369,2020-03-18T16:49:39Z
1174220,2591534,2020-04-22T17:39:56Z
1174151,2591188,2020-04-22T17:00:32Z
1138183,2434720,2020-03-18T17:43:25Z
1137906,2433808,2020-03-18T14:37:25Z
1139674,2440778,2020-03-19T21:46:24Z
1174031,2590695,2020-04-22T16:00:45Z
1139960,2442502,2020-03-20T09:39:33Z
1174548,2592750,2020-04-22T21:08:47Z
1139510,2440312,2020-03-19T19:27:56Z
1174150,2591177,2020-04-22T16:59:38Z
1139624,2440659,2020-03-19T21:08:55Z
1174043,2590765,2020-04-22T16:08:56Z
1173867,2589828,2020-04-22T14:12:43Z
1173879,2589919,2020-04-22T14:23:48Z
1173877,2589907,2020-04-22T14:21:58Z
1173891,2589984,2020-04-22T14:30:14Z
1173849,2589740,2020-04-22T14:01:03Z
1174159,2591210,2020-04-22T17:03:01Z
1173875,2589905,2020-04-22T14:21:17Z
1174028,2590684,2020-04-22T15:59:59Z
1142015,2450992,2020-03-22T21:21:07Z
1174090,2590965,2020-04-22T16:29:02Z
1174158,2591687,2020-04-22T18:09:47Z
1174510,2592613,2020-04-22T20:45:14Z
1174161,2591230,2020-04-22T17:04:54Z
1174573,2592843,2020-04-22T21:26:40Z
1170339,2570458,2020-04-20T07:12:06Z
1142069,2451150,2020-03-22T22:58:13Z
1175409,2598823,2020-04-23T13:58:43Z
1175051,2596628,2020-04-23T07:21:58Z
1175056,2596646,2020-04-23T07:31:43Z
1175059,2596658,2020-04-23T07:37:08Z
1175068,2596719,2020-04-23T07:56:24Z
1175067,2596717,2020-04-23T07:52:37Z
1175296,2598299,2020-04-23T12:05:17Z
1175367,2598644,2020-04-23T13:35:13Z
1175445,2598941,2020-04-23T14:27:31Z
1173967,2590422,2020-04-22T15:24:14Z
1175421,2598870,2020-04-23T14:09:02Z
1176386,2605143,2020-04-24T09:55:01Z
1176313,2604793,2020-04-24T08:31:06Z
1176382,2605108,2020-04-24T09:45:59Z
1176631,2606343,2020-04-24T13:46:05Z
1176398,2605248,2020-04-24T10:12:09Z
1176436,2605443,2020-04-24T10:48:58Z
1174193,2591388,2020-04-22T17:21:58Z
1176400,2605260,2020-04-24T10:12:55Z
1176437,2605445,2020-04-24T10:49:33Z
1176310,2604481,2020-04-24T06:13:59Z
1176312,2604512,2020-04-24T06:38:25Z
1176652,2606451,2020-04-24T14:01:36Z
1176377,2605100,2020-04-24T09:44:21Z
1176372,2605072,2020-04-24T09:34:50Z
1176298,2604450,2020-04-24T06:03:06Z
1176321,2604597,2020-04-24T07:09:09Z
1177121,2608479,2020-04-24T19:46:56Z
1177083,2608305,2020-04-24T19:17:36Z
1177077,2608294,2020-04-24T19:14:02Z
1176600,2606251,2020-04-24T13:28:10Z
1177095,2608365,2020-04-24T19:25:53Z
1177114,2608443,2020-04-24T19:37:33Z
1177125,2608497,2020-04-24T19:51:08Z
1177177,2608721,2020-04-24T20:33:21Z
1176314,2604523,2020-04-24T06:40:02Z
1177140,2608563,2020-04-24T20:00:26Z
1176358,2604927,2020-04-24T09:11:02Z
1176618,2606301,2020-04-24T13:38:39Z
1176387,2605152,2020-04-24T09:55:32Z
1177171,2608691,2020-04-24T20:24:02Z
1176676,2606538,2020-04-24T14:21:43Z
1176667,2606492,2020-04-24T14:14:02Z
1164052,2542759,2020-04-14T13:58:32Z
1177162,2608648,2020-04-24T20:19:01Z
1177204,2608787,2020-04-24T20:58:11Z
1177151,2608619,2020-04-24T20:11:38Z
1177188,2608743,2020-04-24T20:43:16Z
1177213,2608822,2020-04-24T21:07:01Z
1177109,2608419,2020-04-24T19:32:55Z
2291878,6803328,2021-08-31T10:36:22Z
1077664,2244821,2020-02-15T11:58:28Z
1167672,2558464,2020-04-17T12:06:23Z
1718721,4514787,2021-01-28T10:58:13Z
1294899,3127995,2020-06-29T14:16:53Z
1170368,2570630,2020-04-20T08:22:25Z
2241178,6626295,2021-08-09T09:35:47Z
2241236,6626513,2021-08-09T10:09:12Z
2241262,6626597,2021-08-09T10:22:44Z
2241291,6626691,2021-08-09T10:46:42Z
2241333,6626803,2021-08-09T11:17:41Z
2307491,6859000,2021-09-06T09:27:31Z
2307610,6859489,2021-09-06T10:26:17Z
2241701,6627754,2021-08-09T14:01:50Z
2292006,6803716,2021-08-31T11:40:02Z
2292019,6803769,2021-08-31T11:49:54Z
1710817,4487140,2021-01-25T12:30:20Z
2292053,6803867,2021-08-31T12:06:59Z
1139932,2442269,2020-03-20T08:18:55Z
1100931,2317047,2020-02-27T20:11:47Z
1174020,2590637,2020-04-22T15:52:49Z
2249336,6655001,2021-08-12T12:22:06Z
1172964,2583811,2020-04-21T22:14:17Z
2261671,6700250,2021-08-18T09:21:39Z
2261722,6700427,2021-08-18T09:53:15Z
2261863,6700902,2021-08-18T11:14:28Z
2261775,6700622,2021-08-18T10:27:15Z
2261819,6700742,2021-08-18T10:52:52Z
2291835,6803184,2021-08-31T10:23:50Z
2291657,6802566,2021-08-31T08:37:08Z
2291927,6803476,2021-08-31T10:56:22Z
2291723,6802828,2021-08-31T09:23:33Z
2291636,6802498,2021-08-31T08:22:02Z
1167539,2557881,2020-04-17T09:16:43Z
2277850,6755288,2021-08-25T13:26:28Z
2291701,6802697,2021-08-31T09:11:27Z
2277858,6755313,2021-08-25T13:27:39Z
2291727,6802848,2021-08-31T09:25:27Z
2272073,6737595,2021-08-23T13:17:10Z
2277831,6755233,2021-08-25T13:19:31Z
2277901,6755374,2021-08-25T13:42:04Z
2278047,6755676,2021-08-25T14:32:24Z
2277973,6755531,2021-08-25T14:09:17Z
2291789,6803030,2021-08-31T10:02:17Z
2291844,6803213,2021-08-31T10:26:43Z
2275072,6746671,2021-08-24T13:38:43Z
2275440,6747651,2021-08-24T15:26:35Z
2275030,6746558,2021-08-24T13:24:34Z
2275679,6748258,2021-08-24T16:50:12Z
2275547,6747926,2021-08-24T16:03:03Z
2275639,6748138,2021-08-24T16:37:22Z
2275726,6748414,2021-08-24T17:08:26Z
2275703,6748340,2021-08-24T17:00:53Z
2277196,6753456,2021-08-25T07:20:41Z
2277166,6753356,2021-08-25T06:25:24Z
2277131,6753276,2021-08-25T05:20:42Z
2277101,6753220,2021-08-25T04:39:42Z
2277261,6753693,2021-08-25T08:30:05Z
2277210,6753500,2021-08-25T07:37:58Z
2277176,6753398,2021-08-25T06:51:21Z
2277116,6753248,2021-08-25T04:54:46Z
2277222,6753532,2021-08-25T07:49:09Z
2277121,6753259,2021-08-25T05:06:40Z
2277144,6753304,2021-08-25T05:38:08Z
2295407,6814214,2021-09-01T13:33:46Z
2301851,6837338,2021-09-03T12:38:47Z
2301885,6837422,2021-09-03T12:47:04Z
2289092,6794500,2021-08-30T13:12:52Z
2289112,6794541,2021-08-30T13:20:57Z
2243804,6635433,2021-08-10T08:45:34Z
2243785,6635373,2021-08-10T08:18:42Z
2291609,6802426,2021-08-31T08:06:33Z
2243908,6635860,2021-08-10T10:04:49Z
2243858,6635668,2021-08-10T09:30:22Z
2247131,6647047,2021-08-11T15:02:22Z
2291951,6803569,2021-08-31T11:09:56Z
2285260,6780036,2021-08-28T08:45:12Z
2285237,6779955,2021-08-28T08:12:02Z
2285197,6779774,2021-08-28T07:12:05Z
2285291,6780144,2021-08-28T09:14:51Z
2249049,6654016,2021-08-12T08:48:08Z
2249116,6654219,2021-08-12T09:27:35Z
2249367,6655081,2021-08-12T12:43:04Z
2286841,6785349,2021-08-29T10:03:18Z
2286854,6785425,2021-08-29T10:15:12Z
2286869,6785467,2021-08-29T10:32:35Z
2286858,6785432,2021-08-29T10:23:13Z
2295441,6814292,2021-09-01T13:42:56Z
2307673,6859755,2021-09-06T10:52:16Z
