nutrient_id,name,codename,unit_of_measure_id,unit
166,Chloride,chloride,0,
165,HMB,hmb,0,
164,Beta-Alanine,beta_alanine,11,
163,Methylsulfonylmethane,methylsulfonylmethane,0,
162,Colagen Complex,colagen_complex,0,
161,Chondroitin Sulfate,chondroitin_sulfate,0,
160,Hyaluronic acid,hyaluronic_acid,0,
159,Lecithin,lecithin,0,
158,Glutamine,glutamine,0,
157,Creatine,creatine,3,
156,Inositol,inositol,0,
155,CLA,cla,0,
154,Iodine,iodine,11,
153,Chromium,chromium,11,
152,Biotin,biotin,11,
151,Creatine monohydrate,creatine_monohydrate,3,
150,18:1-11 t (18:1t n-7),,3,
149,22:4,,3,
148,21:5,,3,
147,18:3i,,3,
146,20:4 n-6,,3,
145,20:3 n-6,,3,
144,20:3 n-3,,3,
143,"18:3 n-3 c,c,c (ALA)",,3,
142,15:1,,3,
141,13:0,,3,
140,"Fatty acids, total trans-polyenoic",fatty_acids_transpolyenoic,3,
139,"Fatty acids, total trans-monoenoic",fatty_acids_transmonoenoic,3,
138,20:3 undifferentiated,,3,
137,17:1,,3,
136,"18:3 n-6 c,c,c",,3,
135,22:1 c,,3,
134,"18:2 n-6 c,c",,3,
133,18:1 c,,3,
132,16:1 c,,3,
131,"20:2 n-6 c,c",,3,
130,24:1 c,,3,
129,18:2 CLAs,,3,
128,"18:2 t,t",,3,
127,18:2 i,,3,
126,18:2 t not further defined,,3,
125,22:1 t,,3,
124,18:1 t,,3,
123,16:1 t,,3,
122,24:0,,3,
121,17:0,,3,
120,15:0,,3,
119,"Fatty acids, total polyunsaturated",fatty_acids_polyunsaturated,3,
118,"Fatty acids, total monounsaturated",fatty_acids_monounsaturated,3,
117,Beta-sitosterol,beta_sitosterol,0,
116,Campesterol,campesterol,0,
115,Stigmasterol,stigmasterol,0,
114,Phytosterols,phytosterols,0,
113,22:5 n-3 (DPA),,3,
112,22:1 undifferentiated,,3,
111,EPA,eicosapentaenoic_acid,3,
110,20:1,,3,
109,18:4,,3,
108,16:1 undifferentiated,,3,
107,14:1,,3,
106,22:0,,3,
105,DHA,docosahexaenoic_acid,3,
104,20:4 undifferentiated,,3,
103,18:3 undifferentiated,,3,
102,18:2 undifferentiated,,3,
101,18:1 undifferentiated,,3,
100,20:0,,3,
99,18:0,,3,
98,16:0,,3,
97,14:0,,3,
96,12:0,,3,
95,10:0,,3,
94,8:0,,3,
93,6:0,,3,
92,4:0,,3,
91,"Fatty acids, total saturated",fatty_acids_saturated,3,
90,"Fatty acids, total trans",fatty_acids_trans,3,
89,Cholesterol,cholesterol,0,
88,"Vitamin B-12, added",vitamin_b12_added,11,
87,"Vitamin E, added",vitamin_e_added,0,
86,Hydroxyproline,hydroxyproline,3,
85,Serine,serine,3,
84,Proline,proline,3,
83,Glycine,glycine,3,
82,Glutamic acid,glutamic_acid,3,
81,Aspartic acid,aspartic_acid,3,
80,Alanine,alanine,3,
79,Histidine,histidine,3,
78,Arginine,arginine,3,
77,Valine,valine,3,
76,Tyrosine,tyrosine,3,
75,Phenylalanine,phenylalanine,3,
74,Cystine,cystine,3,
73,Methionine,methionine,3,
72,Lysine,lysine,3,
71,Leucine,leucine,3,
70,Isoleucine,isoleucine,3,
69,Threonine,threonine,3,
68,Tryptophan,tryptophan,3,
67,Betaine,betaine,0,
66,"Folate, DFE",folate_dfe,11,
65,"Folate, food",folate_food,11,
64,Folic acid,folic_acid,11,
63,Vitamin K,vitamin_k,11,
62,Dihydrophylloquinone,dihydrophylloquinone,11,
61,Menaquinone-4,menaquinone_4,11,
60,"Choline, total",choline,0,
59,Vitamin B-12,vitamin_b12,11,
58,"Folate, total",folate,11,
57,Vitamin B-6,vitamin_b6,0,
56,Pantothenic acid,pantothenic_acid,0,
55,Niacin,niacin,0,
54,Riboflavin,riboflavin,0,
53,Thiamin,thiamin,0,
52,Vitamin C,vitamin_c,0,
51,"Tocotrienol, delta",tocotrienol_delta,0,
50,"Tocotrienol, gamma",tocotrienol_gamma,0,
49,"Tocotrienol, beta",tocotrienol_beta,0,
48,"Tocotrienol, alpha",tocotrienol_alpha,0,
47,"Tocopherol, delta",tocopherol_delta,0,
46,"Tocopherol, gamma",tocopherol_gamma,0,
45,"Tocopherol, beta",tocopherol_beta,0,
44,Lutein + zeaxanthin,lutein_zeaxanthin,11,
43,Lycopene,lycopene,11,
42,"Cryptoxanthin, beta",cryptoxanthin_beta,11,
41,Vitamin D (D2 + D3),vitamin_d,11,
40,Vitamin D3,Vitamin_d3,11,
39,Vitamin D2,vitamin_d2,11,
38,Vitamin D,vitamin_d_iu,13,
37,Vitamin E,vitamin_e,0,
36,"Carotene, alpha",carotene_alpha,11,
35,"Carotene, beta",carotene_beta,11,
34,Vitamin A,vitamin_a_rae,11,
33,Retinol,retinol,11,
32,Vitamin A,vitamin_a_iu,13,
31,Selenium,selenium,11,
30,Manganese,manganese,0,
29,Fluoride,fluoride,11,
28,Copper,copper,0,
27,Zinc,zinc,0,
26,Sodium,sodium,0,
25,Potassium,potassium,0,
24,Phosphorus,phosphorus,0,
23,Magnesium,magnesium,0,
22,Iron,iron,0,
21,Calcium,calcium,0,
20,Fiber,fiber,3,
19,Galactose,galactose,3,
18,Sugars,sugars,3,
17,Energy,energy_kj,14,
16,Theobromine,theobromine,0,
15,Caffeine,caffeine,0,
14,Adjusted Protein,adjusted_protein,3,
13,Water,water,3,
12,Alcohol,alcohol,3,
11,Maltose,maltose,3,
10,Lactose,lactose,3,
9,Fructose,fructose,3,
8,Glucose,glucose,3,
7,Sucrose,sucrose,3,
6,Starch,starch,3,
5,Energy,energy_kcal,12,
4,Ash,ash,3,
3,Carbohydrate,carbohydrate,3,
2,Fat,fat,3,
1,Protein,protein,3,
