recipe_id,component_id,choice_id,food_id,food_name,quantity,quantity_in_grams,measure_id,alias
149394,845594,889005,27448,Courgettes or zucchini,21.0,21.0,,
149394,845595,889006,48780,"Cream, fresh, single",11.0,11.0,,
149394,845597,889008,1671,"Egg, whole, raw, fresh",4.2,4.2,,
149394,845598,889009,236816,"Grana Padano cheese, from cow's milk",2.11,2.11,,
149394,845599,889010,4625,"Onions, cooked, boiled, drained, without salt",0.84,0.84,,
149394,845600,889011,8002,Cornstarch,0.63,0.63,,
149394,845601,889012,49866,"Pepper, black",0.01,0.01,,
149394,845602,889013,27180,"Mozzarella cheese, buffalo",20.0,20.0,,
149394,845603,889015,50311,Saffron,1.0,1.0,,
149394,845604,889016,1560,"Butter, salted",8.0,8.0,,
149394,845605,889017,27205,"Flour, wheat, type 00 (fine ground)",20.0,20.0,,
149394,845606,889018,50350,Salt,4.0,4.0,,
149394,845607,889019,49587,"Mint, fresh",3.0,3.0,,
149399,845649,889062,50637,"Tomatoes, cherry, raw",10.0,10.0,,
149399,845651,889064,5158,"Tomatoes, sun-dried",10.0,10.0,,
149399,845652,889065,4912,"Tomatoes, yellow, raw",10.0,10.0,,
149399,845653,889066,27903,Burrata cheese,100.0,100.0,,
45917,237280,247726,7638,"Ice creams, vanilla",4.0,264.0,14814,
45917,237281,247727,49576,"Milk, whole, UHT",1.0,200.0,40269,
149442,845888,889306,341869,Homemade kamut pasta with Trapanese pesto and toasted almonds,90.0,90.0,,
73537,390092,409330,27884,"Pasta, fresh, made with eggs",120.0,120.0,,
73537,390094,409332,201646,Cacio e Pepe Sauce,80.0,80.0,,
73537,390095,409333,21824,"Black, pepper",3.0,3.0,,
73537,390096,409334,27295,Pecorino cheese,20.0,20.0,,
149466,846051,889472,201647,Tonnarello Cacio e Pepe,110.0,110.0,,
149489,846212,889641,215187,Buffalo Mozzarella,1.0,260.0,165547,
149489,846217,889646,3879,"Melons, cantaloupe, raw",90.0,90.0,,
60225,314818,329206,175849,Neapolitan Pizza Dough,260.0,260.0,,
60225,314823,329211,27903,Burrata cheese,130.0,130.0,,
60225,319072,333583,178200,"Culatta, pork, cured meat, Italy",80.0,80.0,,
60232,314853,329241,175849,Neapolitan Pizza Dough,260.0,260.0,,
60232,314855,329243,81536,"Grana Padano cheese, from cow's milk",4.0,4.0,,
60232,314856,329244,27283,Fior di latte cheese,110.0,110.0,,
60232,314857,329245,27295,Pecorino cheese,20.0,20.0,,
60232,314858,329246,21824,"Black, pepper",2.0,2.0,,
60232,316742,331173,177268,Pork cheek lard,60.0,60.0,,
60242,314914,329303,175849,Neapolitan Pizza Dough,260.0,260.0,,
60242,314919,329308,22483,"Tomato, cherry, raw",60.0,60.0,,
60242,314922,329311,27283,Fior di latte cheese,90.0,90.0,,
60242,314925,329314,27297,"Ricotta cheese, made from sheep milk",50.0,50.0,,
60242,314927,329316,81536,"Grana Padano cheese, from cow's milk",4.0,4.0,,
60242,319070,333581,81821,"Eggplant, raw",100.0,100.0,,
74273,394905,414368,22786,"Anchovy, fillets, in oil, semi-preserved, drained",10.0,10.0,,
74273,394906,414369,177269,Courgette flowers,7.0,7.0,,
74273,394907,414370,27283,Fior di latte cheese,35.0,35.0,,
74273,394908,414371,202891,Batter,25.0,25.0,,
60248,314946,329335,175849,Neapolitan Pizza Dough,260.0,260.0,,
60248,314947,329336,27448,Courgettes or zucchini,20.0,20.0,,
60248,314948,329337,27283,Fior di latte cheese,30.0,30.0,,
60248,314949,329340,27903,Burrata cheese,50.0,50.0,,
60248,314950,329341,21998,"Mint, fresh",10.0,10.0,,
60248,314953,329344,27484,Lemons,5.0,5.0,,
60248,314955,329346,27242,"Anchovies, canned in oil",15.0,15.0,,
61004,319079,333590,178206,"Prosciutto, Bassiano, cured meat, Italy",125.0,125.0,,
60997,319064,333575,37298,Ananás,300.0,300.0,,
61002,319073,333584,178200,"Culatta, pork, cured meat, Italy",125.0,125.0,,
60998,319065,333576,27903,Burrata cheese,250.0,250.0,,
60998,319066,333577,27595,"Tomatoes, dried",20.0,20.0,,
60998,319067,333578,50637,"Tomatoes, cherry, raw",20.0,20.0,,
60998,319068,333579,4818,"Tomatoes, red, ripe, cooked",20.0,20.0,,
60998,319069,333580,27594,Arugula,30.0,30.0,,
89457,482011,506197,27283,Fior di latte cheese,30.0,30.0,,
89457,482012,506198,27126,"Provola cheese, smoked",45.0,45.0,,
89457,482013,506199,22078,"Gorgonzola cheese, from cow's milk",20.0,20.0,,
89457,482014,506200,81536,"Grana Padano cheese, from cow's milk",20.0,20.0,,
89457,482016,506202,175849,Neapolitan Pizza Dough,260.0,260.0,,
89444,481935,506117,22483,"Tomato, cherry, raw",60.0,60.0,,
89444,481936,506118,27283,Fior di latte cheese,90.0,90.0,,
89444,481937,506119,27297,"Ricotta cheese, made from sheep milk",50.0,50.0,,
89444,481938,506120,81536,"Grana Padano cheese, from cow's milk",4.0,4.0,,
89444,481939,506121,81821,"Eggplant, raw",100.0,100.0,,
89444,482003,506189,231928,Roman style Pizza Dough,1.0,140.0,176939,
60252,314964,329355,27283,Fior di latte cheese,30.0,30.0,,
60252,314966,329357,27126,"Provola cheese, smoked",45.0,45.0,,
60252,314967,329358,22078,"Gorgonzola cheese, from cow's milk",20.0,20.0,,
60252,314969,329360,81536,"Grana Padano cheese, from cow's milk",20.0,20.0,,
60252,482010,506196,231928,Roman style Pizza Dough,1.0,140.0,176939,
89622,482977,507214,81536,"Grana Padano cheese, from cow's milk",4.0,4.0,,
89622,482978,507215,27283,Fior di latte cheese,110.0,110.0,,
89622,482979,507216,27295,Pecorino cheese,20.0,20.0,,
89622,482980,507217,21824,"Black, pepper",2.0,2.0,,
89622,482981,507218,177268,Pork cheek lard,60.0,60.0,,
89622,483052,507289,231928,Roman style Pizza Dough,1.0,140.0,176939,
75766,403718,423601,27903,Burrata cheese,10.0,10.0,,
75766,403719,423602,27242,"Anchovies, canned in oil",5.0,5.0,,
89620,482964,507201,27448,Courgettes or zucchini,20.0,20.0,,
89620,482965,507202,27283,Fior di latte cheese,30.0,30.0,,
89620,482966,507203,27903,Burrata cheese,50.0,50.0,,
89620,482967,507204,21998,"Mint, fresh",10.0,10.0,,
89620,482968,507205,27484,Lemons,5.0,5.0,,
89620,482969,507206,27242,"Anchovies, canned in oil",15.0,15.0,,
89620,483043,507280,231928,Roman style Pizza Dough,1.0,140.0,176939,
80281,428150,449526,27448,Courgettes or zucchini,20.0,20.0,,
80281,428151,449527,27283,Fior di latte cheese,30.0,30.0,,
80281,428152,449528,27903,Burrata cheese,50.0,50.0,,
80281,428153,449529,21998,"Mint, fresh",10.0,10.0,,
80281,428154,449530,27484,Lemons,5.0,5.0,,
80281,428155,449531,27242,"Anchovies, canned in oil",15.0,15.0,,
80281,428363,449746,215209,Neapolitan whole wheat dough,1.0,258.0,165564,
80286,428180,449556,81536,"Grana Padano cheese, from cow's milk",4.0,4.0,,
80286,428181,449557,27283,Fior di latte cheese,110.0,110.0,,
80286,428182,449558,27295,Pecorino cheese,20.0,20.0,,
80286,428183,449559,21824,"Black, pepper",2.0,2.0,,
80286,428184,449560,177268,Pork cheek lard,60.0,60.0,,
80286,428364,449747,215209,Neapolitan whole wheat dough,1.0,258.0,165564,
80278,428133,449509,22483,"Tomato, cherry, raw",60.0,60.0,,
80278,428134,449510,27283,Fior di latte cheese,90.0,90.0,,
80278,428135,449511,27297,"Ricotta cheese, made from sheep milk",50.0,50.0,,
80278,428136,449512,81536,"Grana Padano cheese, from cow's milk",4.0,4.0,,
80278,428137,449513,81821,"Eggplant, raw",100.0,100.0,,
80278,428366,449749,215209,Neapolitan whole wheat dough,1.0,258.0,165564,
80320,428388,449794,27283,Fior di latte cheese,30.0,30.0,,
80320,428389,449795,27126,"Provola cheese, smoked",45.0,45.0,,
80320,428390,449796,22078,"Gorgonzola cheese, from cow's milk",20.0,20.0,,
80320,428391,449797,81536,"Grana Padano cheese, from cow's milk",20.0,20.0,,
80320,428449,449855,215209,Neapolitan whole wheat dough,1.0,258.0,165564,
80329,428463,449869,175849,Neapolitan Pizza Dough,1.0,260.01,138409,
80329,428464,449870,27180,"Mozzarella cheese, buffalo",30.0,30.0,,
80329,428465,449871,27674,"Oregano, fresh",1.0,1.0,,
80329,428466,449872,178206,"Prosciutto, Bassiano, cured meat, Italy",50.0,50.0,,
80329,428467,449873,5162,"Arugula, raw",10.0,10.0,,
80330,428468,449874,27242,"Anchovies, canned in oil",15.0,15.0,,
80330,428469,449875,27300,Parmigiano cheese,15.0,15.0,,
80330,428470,449876,175849,Neapolitan Pizza Dough,1.0,260.01,138409,
80330,428471,449877,27283,Fior di latte cheese,50.0,50.0,,
80330,428472,449878,27126,"Provola cheese, smoked",50.0,50.0,,
80330,428473,449879,22461,Escaroles,150.0,150.0,,
80332,428475,449881,27180,"Mozzarella cheese, buffalo",30.0,30.0,,
80332,428476,449882,27674,"Oregano, fresh",1.0,1.0,,
80332,428477,449883,178206,"Prosciutto, Bassiano, cured meat, Italy",50.0,50.0,,
80332,428478,449884,5162,"Arugula, raw",10.0,10.0,,
80332,428485,449891,215209,Neapolitan whole wheat dough,1.0,258.0,165564,
80333,428479,449885,27242,"Anchovies, canned in oil",15.0,15.0,,
80333,428480,449886,27300,Parmigiano cheese,15.0,15.0,,
80333,428482,449888,27283,Fior di latte cheese,50.0,50.0,,
80333,428483,449889,27126,"Provola cheese, smoked",50.0,50.0,,
80333,428484,449890,22461,Escaroles,150.0,150.0,,
80333,428487,449893,215209,Neapolitan whole wheat dough,1.0,258.0,165564,
102993,566341,595080,259222,"Pici Pasta with garlic, oil, peperoncino, anchovies, Roman broccoli cream, raisins and Pine nuts",81.0,81.0,,
102996,566342,595081,27884,"Pasta, fresh, made with eggs",125.0,125.0,,
102996,566343,595082,201646,Cacio e Pepe Sauce,80.0,80.0,,
102996,566344,595083,21824,"Black, pepper",3.0,3.0,,
102996,566345,595084,27295,Pecorino cheese,20.0,20.0,,
102996,566406,595146,27528,Hazelnuts,6.0,6.0,,
102996,566407,595147,7797,Honey,10.0,10.0,,
103005,566414,595154,259262,"Tonnarello Cacio, Pepe, Chestnut Honey and toasted hazelnut",122.0,122.0,,
73539,390104,409342,27884,"Pasta, fresh, made with eggs",120.0,120.0,,
73539,390105,409343,201648,Carbonara Sauce,50.0,50.0,,
73539,390106,409344,27295,Pecorino cheese,10.0,10.0,,
73539,390107,409345,177268,Pork cheek lard,70.0,70.0,,
103015,566478,595218,259284,Chickpeas cream soup with chicory and paprika croutons,238.0,238.0,,
103006,566419,595159,201649,Carbonara Mezzi Paccheri,125.0,125.0,,
73535,390084,409322,201642,Amatriciana Sauce,105.0,105.0,,
73535,390085,409323,23292,"Fresh egg pasta, raw",120.0,120.0,,
73535,390086,409324,177268,Pork cheek lard,70.0,70.0,,
73535,390087,409325,27295,Pecorino cheese,20.0,20.0,,
103008,566424,595164,201645,Maccheroncini Amatriciana,157.0,157.0,,
103012,566442,595182,259277,Fettuccine pasta with Porcini Mushrooms and Thyme,164.0,164.0,,
106669,588529,618396,265890,"Beef tartare with anchovies, gherkins, fried capers, mustard mayonnaise and English Sichuan pepper sauce",105.0,105.0,,
153817,873123,917846,209233,Pulled Pork with chips potatoes,90.0,90.0,,
153818,873124,917847,209245,Fluviale burger with potatoes chips,90.0,90.0,,
153819,873125,917848,349498,Norma Burger with potato chips,80.0,80.0,,
149434,845845,889263,341828,"TAGLIOLINI WITH CUTTLEFISH INK, PECORINO OCTOPUS RAGU AND SAFFRON",109.0,109.0,,
153839,873274,918009,3902,"Orange peel, raw",120.0,120.0,,
153839,873277,918012,235001,"Fennel, raw",250.0,250.0,,
153839,873279,918014,27543,"Olives, black type",50.0,50.0,,
153841,873285,918023,48515,"Cheese, Mozzarella, fresh",120.0,120.0,,
153841,873286,918025,50641,"Tomatoes, standard, raw",200.0,200.0,,
153841,873288,918027,1833,"Basil, fresh",5.0,5.0,,
153842,873289,918028,48507,"Cheese, Feta",60.0,60.0,,
153842,873290,918029,4553,"Cucumber, with peel, raw",60.0,60.0,,
153842,873292,918031,235091,"Red onion, raw",15.0,15.0,,
153842,873293,918032,49448,"Lettuce, average, raw",80.0,80.0,,
153842,873294,918033,27543,"Olives, black type",30.0,30.0,,
153842,873295,918034,4741,"Radishes, raw",20.0,20.0,,
153844,873296,918035,4496,"Carrots, raw",40.0,40.0,,
153844,873297,918036,49448,"Lettuce, average, raw",45.0,45.0,,
153844,873298,918037,4527,"Corn, sweet, yellow, raw",30.0,30.0,,
153844,873299,918038,50637,"Tomatoes, cherry, raw",60.0,60.0,,
153844,873300,918039,27438,"Radicchio, red",40.0,40.0,,
153888,873625,918388,349609,FRIED CUTTLEFISH AND ZUCCHINI CARTOCCIO IN CARPIONE SAUCE,300.0,300.0,,
153858,873393,918143,48573,"Chicken, breast, strips, stir-fried in corn oil",97.0,97.0,,
153858,873394,918144,7137,"Bread, crumbs, dry, grated, plain",23.0,23.0,,
153858,873396,918146,50350,Salt,2.0,2.0,,
153858,873397,918147,209249,French Fries,100.0,100.0,,
153879,873557,918319,50015,"Pork, fillet slices, grilled, lean",180.0,180.0,,
153879,873563,918325,4677,"Potatoes, red, flesh and skin, raw",100.0,100.0,,
153879,873564,918328,3894,"Orange juice, raw",50.0,50.0,,
153879,873565,918327,49422,"Lemon juice, fresh",50.0,50.0,,
153879,873568,918331,1838,"Thyme, fresh",1.0,1.0,,
153879,873571,918334,1560,"Butter, salted",15.0,15.0,,
153879,873572,918335,27205,"Flour, wheat, type 00 (fine ground)",15.0,15.0,,
153879,873576,918339,236816,"Grana Padano cheese, from cow's milk",10.0,10.0,,
153878,873543,918305,349599,Beef Tartare with asparagus salad and bio egg cream,140.0,140.0,,
153890,873628,918391,236464,"Octopus, common, cooked",320.0,320.0,,
153890,873629,918392,4677,"Potatoes, red, flesh and skin, raw",60.0,60.0,,
153890,873630,918393,49678,"Oil, olive",6.0,6.0,,
153890,873631,918394,50350,Salt,3.0,3.0,,
153890,873632,918395,49866,"Pepper, black",2.0,2.0,,
154497,877829,922816,27283,Fior di latte cheese,100.0,100.0,,
154497,877830,922817,27543,"Olives, black type",100.0,100.0,,
154497,877831,922818,235031,Escaroles,150.0,150.0,,
154497,877832,922819,175849,Neapolitan Pizza Dough,1.0,269.76,138409,
154515,877958,922946,175849,Neapolitan Pizza Dough,1.0,269.76,138409,
154515,877960,922948,3194,"Mortadella, beef, pork",100.0,100.0,,
154515,877961,922949,27903,Burrata cheese,160.0,160.0,,
154515,877962,922950,37078,Pistache,15.0,15.0,,
154527,878043,923031,211399,Roman Supplì,1.0,60.0,163034,
154527,878047,923035,177567,Fried little mozzarellas 5pz,160.0,160.0,,
154527,1053046,1107536,428367,HAM AND CHEESE TRAMEZZINO,1.0,80.0,319809,
154527,1053047,1107537,428473,Pulled Pork Bombetta,1.0,68.747,319915,
154483,877760,922747,231928,Roman style Pizza Dough,1.0,140.0,176939,
154483,877761,922748,27283,Fior di latte cheese,30.0,30.0,,
154483,877762,922749,27126,"Provola cheese, smoked",70.0,70.0,,
154483,877763,922750,27614,"Speck (pork meat, salted, raw)",40.0,40.0,,
154483,877765,922752,27448,Courgettes or zucchini,60.0,60.0,,
154483,877766,922753,1833,"Basil, fresh",2.0,2.0,,
154494,877807,922794,231928,Roman style Pizza Dough,1.0,140.0,176939,
154494,877808,922795,27283,Fior di latte cheese,110.0,110.0,,
154494,877809,922796,27035,Pecorino romano cheese,30.0,30.0,,
154494,877810,922797,177268,Pork cheek lard,100.0,100.0,,
154494,877811,922798,49866,"Pepper, black",2.0,2.0,,
154494,877812,922799,177269,Courgette flowers,30.0,30.0,,
154494,877813,922800,1843,"Capers, canned",5.0,5.0,,
154494,877814,922801,27242,"Anchovies, canned in oil",15.0,15.0,,
154496,877824,922811,231928,Roman style Pizza Dough,1.0,140.0,176939,
154496,877825,922812,27283,Fior di latte cheese,100.0,100.0,,
154496,877826,922813,27543,"Olives, black type",100.0,100.0,,
154496,877827,922814,235031,Escaroles,150.0,150.0,,
154500,877844,922831,3183,"Sausage, Italian, pork, mild, raw",100.0,100.0,,
154500,877845,922832,27283,Fior di latte cheese,90.0,90.0,,
154500,877846,922833,4677,"Potatoes, red, flesh and skin, raw",100.0,100.0,,
154500,877847,922834,4663,"Peppers, sweet, green, raw",100.0,100.0,,
154500,877848,922835,47915,"Anchovies, canned in oil, drained",15.0,15.0,,
154500,877849,922836,175849,Neapolitan Pizza Dough,1.0,269.76,138409,
154501,877851,922838,231928,Roman style Pizza Dough,1.0,140.0,176939,
154501,877852,922839,235436,"Lemon zest, raw",5.0,5.0,,
154501,877853,922840,49587,"Mint, fresh",2.0,2.0,,
154501,877854,922841,27283,Fior di latte cheese,100.0,100.0,,
154501,877855,922842,27448,Courgettes or zucchini,50.0,50.0,,
154501,877856,922843,27903,Burrata cheese,90.0,90.0,,
154519,877997,922985,341855,Nero Di Nebrodi,150.0,150.0,,
154519,877998,922986,50561,"Sweet potato, baked",15.0,15.0,,
154485,877769,922756,27283,Fior di latte cheese,30.0,30.0,,
154485,877770,922757,27126,"Provola cheese, smoked",70.0,70.0,,
154485,877771,922758,27614,"Speck (pork meat, salted, raw)",40.0,40.0,,
154485,877772,922759,27448,Courgettes or zucchini,60.0,60.0,,
154485,877773,922760,1833,"Basil, fresh",2.0,2.0,,
154485,877775,922762,175849,Neapolitan Pizza Dough,1.0,269.76,138409,
154516,877964,922952,50737,"Water, distilled",31.0,31.0,,
154516,877966,922954,50270,"Rice, white, Italian Arborio risotto, raw",19.0,19.0,,
154516,877967,922955,3194,"Mortadella, beef, pork",11.0,11.0,,
154516,877969,922957,7137,"Bread, crumbs, dry, grated, plain",9.5,9.5,,
154516,877971,922959,1710,"Egg, white, raw, frozen, pasteurized",4.37,4.37,,
154516,877972,922960,1560,"Butter, salted",2.0,2.0,,
154516,877973,922961,50350,Salt,1.0,1.0,,
154516,877975,922963,49866,"Pepper, black",1.0,1.0,,
154516,877977,922965,67444,"Soup, vegetable broth, ready to serve",1.0,1.0,,
154516,877978,922966,50311,Saffron,0.002,0.002,,
154495,877816,922803,27283,Fior di latte cheese,110.0,110.0,,
154495,877817,922804,27035,Pecorino romano cheese,30.0,30.0,,
154495,877818,922805,177268,Pork cheek lard,100.0,100.0,,
154495,877819,922806,49866,"Pepper, black",2.0,2.0,,
154495,877820,922807,177269,Courgette flowers,30.0,30.0,,
154495,877821,922808,1843,"Capers, canned",5.0,5.0,,
154495,877822,922809,27242,"Anchovies, canned in oil",15.0,15.0,,
154495,877823,922810,175849,Neapolitan Pizza Dough,1.0,269.76,138409,
154498,877833,922820,231928,Roman style Pizza Dough,1.0,140.0,176939,
154498,877834,922821,3183,"Sausage, Italian, pork, mild, raw",100.0,100.0,,
154498,877835,922822,27283,Fior di latte cheese,90.0,90.0,,
154498,877836,922823,4677,"Potatoes, red, flesh and skin, raw",100.0,100.0,,
154498,877839,922826,4663,"Peppers, sweet, green, raw",100.0,100.0,,
154498,877841,922828,47915,"Anchovies, canned in oil, drained",15.0,15.0,,
154503,877858,922845,235436,"Lemon zest, raw",5.0,5.0,,
154503,877859,922846,49587,"Mint, fresh",2.0,2.0,,
154503,877860,922847,27283,Fior di latte cheese,100.0,100.0,,
154503,877861,922848,27448,Courgettes or zucchini,50.0,50.0,,
154503,877862,922849,27903,Burrata cheese,90.0,90.0,,
154503,877863,922850,175849,Neapolitan Pizza Dough,1.0,269.76,138409,
154517,877980,922968,6029,"Fish, cod, Atlantic, raw",160.0,160.0,,
154517,877982,922970,27205,"Flour, wheat, type 00 (fine ground)",6.17,6.17,,
154517,877983,922971,27379,"Starch, potato",2.57,2.57,,
154517,877984,922972,49067,"Flour, wheat, white, plain, soft",2.57,2.57,,
154517,877986,922974,1671,"Egg, whole, raw, fresh",1.0,1.0,,
154517,877987,922975,50350,Salt,1.0,1.0,,
154517,877993,922981,7377,"Leavening agents, yeast, baker's, active dry",0.04,0.04,,
154521,878000,922988,341855,Nero Di Nebrodi,30.0,30.0,,
185705,1068641,1123810,205483,Tiramisù,39.0,39.0,,
185702,1068610,1123779,7638,"Ice creams, vanilla",150.0,150.0,,
185704,1068628,1123797,211413,White chocolate mousse cake with raspberry and mint.,14.0,14.0,,
185703,1068613,1123782,50537,"Strawberries, raw",100.0,100.0,,
185706,1068655,1123824,202902,Cheesecake with wild berries,46.0,46.0,,
186167,1071351,1126688,49573,"Milk, whole, pasteurised, average",37.0,37.0,,
186167,1071353,1126690,50265,"Rice, white, basmati, boiled in unsalted water",18.0,18.0,,
186167,1071354,1126691,48780,"Cream, fresh, single",10.0,10.0,,
186167,1071357,1126694,237213,"Dark chocolate bar, more than 70% cocoa",10.0,10.0,,
186167,1071358,1126695,48655,"Chocolate, white",8.0,8.0,,
186167,1071359,1126696,50548,"Sugar, white",4.5,4.5,,
186167,1071360,1126697,48381,"Butter, unsalted",2.8,2.8,,
186167,1071361,1126698,7830,"Sugars, powdered",2.29,2.29,,
186167,1071362,1126699,48381,"Butter, unsalted",1.0,1.0,,
186167,1071363,1126700,50350,Salt,0.34,0.34,,
186167,1071364,1126703,1850,"Vinegar, balsamic",5.0,5.0,,
186167,1071365,1126704,50350,Salt,1.0,1.0,,
186167,1071366,1126705,1674,"Egg, yolk, raw, frozen, pasteurized",10.0,10.0,,
186174,1071408,1126747,435997,Mascarpone cream with strawberries and almond crumble,53.0,53.0,,
186175,1071476,1126816,3731,"Apples, raw, without skin",50.0,50.0,,
186175,1071477,1126817,50545,"Sugar, brown",3.0,3.0,,
186175,1071478,1126818,49135,"Grapes, average",2.5,2.5,,
186175,1071479,1126819,27529,Pine nuts,0.75,0.75,,
186175,1071480,1126820,50350,Salt,0.1,0.1,,
186175,1071481,1126821,237183,"Sugar, vanilla flavoured",0.03,0.03,,
186175,1071482,1126822,7830,"Sugars, powdered",3.9,3.9,,
186175,1071483,1126823,1674,"Egg, yolk, raw, frozen, pasteurized",1.74,1.74,,
186175,1071484,1126824,1560,"Butter, salted",6.0,6.0,,
186175,1071485,1126825,48381,"Butter, unsalted",6.0,6.0,,
186175,1071486,1126826,27205,"Flour, wheat, type 00 (fine ground)",9.97,9.97,,
186175,1071487,1126827,436022,"Oranges, Aroma, Flavor",0.02,0.02,,
186175,1071488,1126828,436023,"Lemons, Aroma, Flavor",0.02,0.02,,
186175,1071489,1126829,27181,"Flour, wheat, type 0",11.0,11.0,,
186175,1071490,1126830,48381,"Butter, unsalted",6.25,6.25,,
186175,1071491,1126831,50545,"Sugar, brown",4.68,4.68,,
186175,1071492,1126832,237700,"Cinnamon, powder",0.2,0.2,,
186175,1071493,1126833,7638,"Ice creams, vanilla",50.0,50.0,,
186170,1071369,1126708,50537,"Strawberries, raw",30.0,30.0,,
186170,1071370,1126709,49061,"Flour, rice",6.45,6.45,,
186170,1071371,1126710,48381,"Butter, unsalted",5.16,5.16,,
186170,1071373,1126712,436001,"Almond, Flour",4.5,4.5,,
186170,1071374,1126713,50545,"Sugar, brown",3.87,3.87,,
186170,1071381,1126720,436004,"Almond, Aroma, Flavor",0.002,0.002,,
186170,1071383,1126722,48514,"Cheese, Mascarpone",40.62,40.62,,
186170,1071384,1126723,48780,"Cream, fresh, single",27.08,27.08,,
186170,1071385,1126724,50548,"Sugar, white",20.0,20.0,,
186170,1071387,1126726,1674,"Egg, yolk, raw, frozen, pasteurized",16.9,16.9,,
186170,1071388,1126727,50737,"Water, distilled",4.5,4.5,,
186170,1071392,1126731,237183,"Sugar, vanilla flavoured",0.08,0.08,,
186170,1071393,1126732,49256,"Jelly, made with water",0.47,0.47,,
80255,427994,449364,215187,Buffalo Mozzarella,1.0,260.0,165547,
80255,846211,889640,341922,Prosciutto di Parma,90.0,90.0,,
181097,1040251,1094065,6271,"Crustaceans, shrimp, raw",60.0,60.0,,
181097,1040252,1094066,49587,"Mint, fresh",2.0,2.0,,
181097,1040254,1094068,7137,"Bread, crumbs, dry, grated, plain",10.0,10.0,,
181097,1040255,1094069,1672,"Egg, white, raw, fresh",15.0,15.0,,
181097,1040256,1094070,49517,"Mayonnaise, standard, retail",30.0,30.0,,
182290,1047925,1102254,426871,"Tagliolini with squid, artichokes and mint",367.0,367.0,,
182111,1046854,1101135,426510,Fettuccine pasta with Porcini Mushrooms and Dragoncello,169.0,169.0,,
182065,1046542,1100821,27448,Courgettes or zucchini,20.0,20.0,,
182065,1046543,1100822,27283,Fior di latte cheese,30.0,30.0,,
182065,1046544,1100823,27903,Burrata cheese,50.0,50.0,,
182065,1046545,1100824,21998,"Mint, fresh",10.0,10.0,,
182065,1046546,1100825,27484,Lemons,5.0,5.0,,
182065,1046547,1100826,27242,"Anchovies, canned in oil",15.0,15.0,,
182065,1046549,1100828,426431,Grani Antichi Siciliani Flour,250.0,250.0,,
182064,1046534,1100813,22483,"Tomato, cherry, raw",60.0,60.0,,
182064,1046535,1100814,27283,Fior di latte cheese,90.0,90.0,,
182064,1046536,1100815,27297,"Ricotta cheese, made from sheep milk",50.0,50.0,,
182064,1046537,1100816,81536,"Grana Padano cheese, from cow's milk",4.0,4.0,,
182064,1046538,1100817,81821,"Eggplant, raw",100.0,100.0,,
182064,1046541,1100820,426431,Grani Antichi Siciliani Flour,250.0,250.0,,
80274,428119,449495,27903,Burrata cheese,130.0,130.0,,
80274,428120,449496,178200,"Culatta, pork, cured meat, Italy",80.0,80.0,,
80274,1046526,1100805,426431,Grani Antichi Siciliani Flour,250.0,250.0,,
182066,1046550,1100829,27283,Fior di latte cheese,30.0,30.0,,
182066,1046551,1100830,27126,"Provola cheese, smoked",45.0,45.0,,
182066,1046552,1100831,22078,"Gorgonzola cheese, from cow's milk",20.0,20.0,,
182066,1046553,1100832,81536,"Grana Padano cheese, from cow's milk",20.0,20.0,,
182066,1046555,1100834,426431,Grani Antichi Siciliani Flour,250.0,250.0,,
182059,1046511,1100790,27180,"Mozzarella cheese, buffalo",30.0,30.0,,
182059,1046512,1100791,27674,"Oregano, fresh",1.0,1.0,,
182059,1046514,1100793,5162,"Arugula, raw",10.0,10.0,,
182059,1046516,1100795,426431,Grani Antichi Siciliani Flour,250.0,250.0,,
182059,1046517,1100796,341922,Prosciutto di Parma,50.0,50.0,,
182480,1049135,1103513,50319,"Salad, green",4.0,4.0,,
182480,1049136,1103514,48368,"Burger, beef, grilled, homemade",180.0,180.0,,
182480,1049137,1103515,177268,Pork cheek lard,50.0,50.0,,
182480,1049138,1103516,27035,Pecorino romano cheese,10.0,10.0,,
182480,1049140,1103518,49866,"Pepper, black",2.0,2.0,,
182480,1049141,1103519,27205,"Flour, wheat, type 00 (fine ground)",49.2,49.2,,
182480,1049142,1103520,49573,"Milk, whole, pasteurised, average",21.6,21.6,,
182480,1049143,1103521,1671,"Egg, whole, raw, fresh",8.6,8.6,,
182480,1049144,1103522,50548,"Sugar, white",3.7,3.7,,
182480,1049145,1103523,28365,"Margarine, Flora",1.7,1.7,,
182480,1049146,1103524,1560,"Butter, salted",1.7,1.7,,
182480,1049148,1103526,50784,"Yeast, dried",1.2,1.2,,
182480,1049150,1103528,50350,Salt,1.7,1.7,,
182480,1049151,1103529,50437,Sesame seeds,0.8,0.8,,
182480,1049152,1103530,49069,"Flour, wheat, wholemeal",0.2,0.2,,
182480,1049153,1103531,235138,"Tomato, peeled, canned, drained",57.9,57.9,,
182480,1049154,1103532,50737,"Water, distilled",1.2,1.2,,
182480,1049155,1103533,50545,"Sugar, brown",0.6,0.6,,
182480,1049157,1103535,50350,Salt,0.4,0.4,,
182494,1049266,1103647,427321,"Picanha, Meats, Cow",250.0,250.0,,
182492,1049251,1103631,427315,Veggie Burger,90.0,90.0,,
182484,1049180,1103558,427305,Amatriciana Burger,90.0,90.0,,
182908,1051602,1106061,341922,Prosciutto di Parma,35.0,35.0,,
182908,1051603,1106062,428064,"Capocollo di Martina Franca, cured meat, Italy",35.0,35.0,,
182908,1051604,1106063,428066,"Santorella - mortadella della Valle d’Itria, cured meat, Italy",35.0,35.0,,
182908,1051605,1106064,428065,"Salame dolce a staffa, cured meat, Italy",35.0,35.0,,
182909,1051606,1106065,428067,"CHORIZO IBERICO, cured meat, Spain",35.0,35.0,,
182909,1051607,1106066,428069,"LOMO DE CEBO IBÉRICO, cured meat, Spain",35.0,35.0,,
182909,1051608,1106067,428070,"MORCÓN IBÉRICO, cured meat, Spain",35.0,35.0,,
182909,1051609,1106068,428072,"DRIED CURED BEEF ""CECINA""",35.0,35.0,,
182910,1051610,1106069,428077,Lombata B.A. Carima Superior,350.0,350.0,,
182912,1051612,1106071,428077,Lombata B.A. Carima Superior,1200.0,1200.0,,
182915,1051626,1106085,428089,Brisket,160.0,160.0,,
183093,1052762,1107252,27283,Fior di latte cheese,150.0,150.0,,
183093,1052763,1107253,4735,"Pumpkin, raw",100.0,100.0,,
183093,1052764,1107254,428067,"CHORIZO IBERICO, cured meat, Spain",35.0,35.0,,
183093,1052765,1107255,4677,"Potatoes, red, flesh and skin, raw",100.0,100.0,,
183093,1052767,1107257,426432,Neapolitan Antichi Grani Siciliani Dough,1.0,255.0,318376,
183094,1052769,1107259,27283,Fior di latte cheese,120.0,120.0,,
183094,1052770,1107260,27242,"Anchovies, canned in oil",20.0,20.0,,
183094,1052771,1107261,81536,"Grana Padano cheese, from cow's milk",4.0,4.0,,
183094,1052772,1107262,177269,Courgette flowers,25.0,25.0,,
183094,1052773,1107263,426432,Neapolitan Antichi Grani Siciliani Dough,1.0,255.0,318376,
149483,846198,889627,341922,Prosciutto di Parma,125.0,125.0,,
183092,1052756,1107246,27283,Fior di latte cheese,150.0,150.0,,
183092,1052757,1107247,4735,"Pumpkin, raw",100.0,100.0,,
183092,1052758,1107248,428067,"CHORIZO IBERICO, cured meat, Spain",35.0,35.0,,
183092,1052759,1107249,4677,"Potatoes, red, flesh and skin, raw",100.0,100.0,,
183092,1052761,1107251,175849,Neapolitan Pizza Dough,1.0,269.76,138409,
183104,1052828,1107318,27283,Fior di latte cheese,100.0,100.0,,
183104,1052829,1107319,236799,"Gorgonzola cheese, from cow's milk",35.0,35.0,,
183104,1052830,1107320,21655,"Bacon, cured, raw, with separable fat",58.0,58.0,,
183104,1052831,1107321,4735,"Pumpkin, raw",100.0,100.0,,
183104,1052832,1107322,50193,Pumpkin seeds,15.0,15.0,,
183104,1052840,1107330,426432,Neapolitan Antichi Grani Siciliani Dough,1.0,255.0,318376,
183058,1052513,1107000,4484,"Cabbage, raw",60.0,60.0,,
183058,1052514,1107001,1671,"Egg, whole, raw, fresh",100.0,100.0,,
183058,1052515,1107002,5245,"Nuts, chestnuts, european, dried, peeled",20.0,20.0,,
183058,1052516,1107003,5257,"Nuts, hazelnuts or filberts",15.0,15.0,,
183058,1052517,1107004,49678,"Oil, olive",6.0,6.0,,
183058,1052518,1107005,50350,Salt,4.0,4.0,,
183058,1052519,1107006,49866,"Pepper, black",2.0,2.0,,
183058,1052520,1107007,50737,"Water, distilled",13.0,13.0,,
183058,1052521,1107008,48105,"Beef, lean, average, raw",132.0,132.0,,
183064,1052553,1107040,1560,"Butter, salted",30.0,30.0,,
183064,1052555,1107042,236816,"Grana Padano cheese, from cow's milk",5.0,5.0,,
183064,1052556,1107043,50350,Salt,0.5,0.5,,
183064,1052558,1107045,4761,"Spinach, raw",150.0,150.0,,
183065,1052578,1107065,50737,"Water, distilled",24.0,24.0,,
183065,1052580,1107067,237621,"Bechamel sauce, prepacked",6.8,6.8,,
183065,1052581,1107068,1560,"Butter, salted",1.4,1.4,,
183065,1052582,1107069,49666,"Nutmeg, ground",1.0,1.0,,
183065,1052583,1107070,49866,"Pepper, black",1.0,1.0,,
183065,1052584,1107071,48309,"Bread, wholemeal, average",20.0,20.0,,
183065,1052585,1107072,49191,Ham,20.0,20.0,,
183065,1052586,1107073,27283,Fior di latte cheese,5.8,5.8,,
183091,1052751,1107241,27283,Fior di latte cheese,150.0,150.0,,
183091,1052752,1107242,4735,"Pumpkin, raw",100.0,100.0,,
183091,1052753,1107243,428067,"CHORIZO IBERICO, cured meat, Spain",35.0,35.0,,
183091,1052754,1107244,4677,"Potatoes, red, flesh and skin, raw",100.0,100.0,,
183091,1052755,1107245,231928,Roman style Pizza Dough,1.0,140.0,176939,
183097,1052781,1107271,27283,Fior di latte cheese,30.0,30.0,,
183097,1052782,1107272,27126,"Provola cheese, smoked",70.0,70.0,,
183097,1052783,1107273,27614,"Speck (pork meat, salted, raw)",40.0,40.0,,
183097,1052784,1107274,27448,Courgettes or zucchini,60.0,60.0,,
183097,1052785,1107275,1833,"Basil, fresh",2.0,2.0,,
183097,1052787,1107277,426432,Neapolitan Antichi Grani Siciliani Dough,1.0,255.0,318376,
183103,1052821,1107311,27283,Fior di latte cheese,100.0,100.0,,
183103,1052822,1107312,236799,"Gorgonzola cheese, from cow's milk",35.0,35.0,,
183103,1052823,1107313,21655,"Bacon, cured, raw, with separable fat",58.0,58.0,,
183103,1052824,1107314,4735,"Pumpkin, raw",100.0,100.0,,
183103,1052825,1107315,50193,Pumpkin seeds,15.0,15.0,,
183103,1052827,1107317,175849,Neapolitan Pizza Dough,1.0,269.76,138409,
183052,1052473,1106958,428351,"PORK FILLET GLAZED WITH HONEY AND SOY, WITH ROMAN BROCCOLI AND CRUNCHY RIND CRUMBLE",161.0,161.0,,
183102,1052815,1107305,27283,Fior di latte cheese,100.0,100.0,,
183102,1052816,1107306,236799,"Gorgonzola cheese, from cow's milk",35.0,35.0,,
183102,1052817,1107307,21655,"Bacon, cured, raw, with separable fat",58.0,58.0,,
183102,1052818,1107308,4735,"Pumpkin, raw",100.0,100.0,,
183102,1052819,1107309,50193,Pumpkin seeds,15.0,15.0,,
183102,1052820,1107310,231928,Roman style Pizza Dough,1.0,140.0,176939,
183059,1052525,1107012,428359,"Beef Tartare with Chestnuts, Hazelnuts, crunchy cabbage and marinate egg",176.0,176.0,,
183088,1052734,1107224,3194,"Mortadella, beef, pork",100.0,100.0,,
183088,1052735,1107225,27903,Burrata cheese,160.0,160.0,,
183088,1052736,1107226,37078,Pistache,15.0,15.0,,
183088,1052737,1107227,426432,Neapolitan Antichi Grani Siciliani Dough,1.0,255.0,318376,
183243,1053704,1108217,341922,Prosciutto di Parma,35.0,35.0,,
183243,1053705,1108218,428064,"Capocollo di Martina Franca, cured meat, Italy",35.0,35.0,,
183243,1053706,1108219,428065,"Salame dolce a staffa, cured meat, Italy",35.0,35.0,,
183243,1053707,1108220,428053,"Puzzone di Moena, cheese, Italy",35.0,35.0,,
183243,1053708,1108221,428681,"Malfatto Aromatico al Fieno, Italy",35.0,35.0,,
183243,1053709,1108222,428378,"Seasoned Pecorino ""Del Fiorini"", Cheese, Italy",35.0,35.0,,
183144,1053128,1107619,428397,"Cuberoll, young bull ribeye bonelles",250.0,250.0,,
183145,1053129,1107620,4496,"Carrots, raw",25.0,25.0,,
183145,1053130,1107621,49448,"Lettuce, average, raw",60.0,60.0,,
183145,1053131,1107622,50637,"Tomatoes, cherry, raw",80.0,80.0,,
183145,1053132,1107623,27438,"Radicchio, red",60.0,60.0,,
183145,1053133,1107624,50672,"Tuna, canned in brine, drained",80.0,80.0,,
183145,1053134,1107625,27242,"Anchovies, canned in oil",10.0,10.0,,
183145,1053135,1107626,6495,"Beans, black, mature seeds, canned, low sodium",55.0,55.0,,
183145,1053136,1107627,1671,"Egg, whole, raw, fresh",50.0,50.0,,
183145,1053137,1107628,1843,"Capers, canned",10.0,10.0,,
183145,1053138,1107629,27543,"Olives, black type",15.0,15.0,,
183050,1052466,1106951,428348,BACCALA 'MORRO SCOTTED WITH CHICKPEAS CREAM AND CRUSCHI PEPPER,143.0,143.0,,
183063,1052545,1107032,4676,"Potatoes, white, flesh and skin, raw",200.0,200.0,,
183063,1052546,1107033,1560,"Butter, salted",40.0,40.0,,
183063,1052547,1107034,50350,Salt,30.0,30.0,,
183063,1052549,1107036,49866,"Pepper, black",20.0,20.0,,
182292,1047954,1102283,426875,"Tonnarelli in black cabbage sauce, prawns and baked cherry tomatoes",183.0,183.0,,
183087,1052718,1107208,21596,"Pasta, raw",60.0,60.0,,
183087,1052720,1107210,49678,"Oil, olive",3.5,10.5,40417,
183087,1052721,1107211,50350,Salt,3.0,3.0,,
59825,312549,326798,175849,Neapolitan Pizza Dough,260.0,260.0,,
59825,312550,326799,27283,Fior di latte cheese,120.0,120.0,,
59825,312551,326800,27242,"Anchovies, canned in oil",20.0,20.0,,
59825,314788,329176,81536,"Grana Padano cheese, from cow's milk",4.0,4.0,,
59825,316744,331175,177269,Courgette flowers,25.0,25.0,,
183101,1052808,1107298,27283,Fior di latte cheese,50.0,50.0,,
183101,1052809,1107299,27126,"Provola cheese, smoked",60.0,60.0,,
183101,1052810,1107300,259280,"Porcini, Mushrooms",120.0,120.0,,
183101,1052811,1107301,5162,"Arugula, raw",25.0,25.0,,
183101,1052814,1107304,426432,Neapolitan Antichi Grani Siciliani Dough,1.0,255.0,318376,
183135,1053056,1107546,50458,"Shrimps, frozen",10.0,10.0,,
183135,1053057,1107547,49587,"Mint, fresh",2.0,2.0,,
183135,1053059,1107549,7137,"Bread, crumbs, dry, grated, plain",10.0,10.0,,
183135,1053060,1107550,1710,"Egg, white, raw, frozen, pasteurized",15.0,15.0,,
183135,1053061,1107551,49517,"Mayonnaise, standard, retail",30.0,30.0,,
183142,1053115,1107606,48001,Barbecue sauce,20.0,20.0,,
183142,1053116,1107607,48565,"Chicken wings, marinated, meat and skin, barbecued",241.0,241.0,,
183142,1053117,1107608,50350,Salt,3.62,3.62,,
183142,1053118,1107609,49759,Paprika,2.41,2.41,,
183142,1053119,1107610,48809,Curry powder,1.45,1.45,,
183142,1053120,1107611,1804,"Spices, cumin seed",0.72,0.72,,
89619,482960,507197,27283,Fior di latte cheese,120.0,120.0,,
89619,482961,507198,27242,"Anchovies, canned in oil",20.0,20.0,,
89619,482962,507199,81536,"Grana Padano cheese, from cow's milk",4.0,4.0,,
89619,482963,507200,177269,Courgette flowers,25.0,25.0,,
89619,483040,507277,231928,Roman style Pizza Dough,1.0,140.0,176939,
183100,1052800,1107290,27283,Fior di latte cheese,50.0,50.0,,
183100,1052801,1107291,27126,"Provola cheese, smoked",60.0,60.0,,
183100,1052802,1107292,259280,"Porcini, Mushrooms",120.0,120.0,,
183100,1052803,1107293,5162,"Arugula, raw",25.0,25.0,,
183100,1052806,1107296,175849,Neapolitan Pizza Dough,1.0,269.76,138409,
183136,1053074,1107564,211395,Meatballs with tomato sauce.,50.0,50.0,,
183056,1052500,1106987,428355,"BEEF CHEEK, POMEGRANATE AND PURE CELERY, TURNIP",266.5,266.5,,
183242,1053699,1108212,428053,"Puzzone di Moena, cheese, Italy",35.0,35.0,,
183242,1053700,1108213,428057,"Toma Paesana, cheese, Italy",35.0,35.0,,
183242,1053701,1108214,428681,"Malfatto Aromatico al Fieno, Italy",35.0,35.0,,
183242,1053702,1108215,428378,"Seasoned Pecorino ""Del Fiorini"", Cheese, Italy",35.0,35.0,,
183098,1052789,1107279,27283,Fior di latte cheese,50.0,50.0,,
183098,1052792,1107282,27126,"Provola cheese, smoked",60.0,60.0,,
183098,1052794,1107284,259280,"Porcini, Mushrooms",120.0,120.0,,
183098,1052796,1107286,5162,"Arugula, raw",25.0,25.0,,
183098,1052797,1107287,231928,Roman style Pizza Dough,1.0,140.0,176939,
182911,1051611,1106070,428077,Lombata B.A. Carima Superior,700.0,700.0,,
153812,873127,917850,349508,Fluviale Miniburger,1.0,80.0,257316,
153812,873129,917852,349507,Pulled Pork Miniburger,1.0,80.0,257315,
153812,1049253,1103634,427319,Veggie Miniburger,1.0,100.0,319138,
183996,1058416,1113113,4486,"Cabbage, red, raw",10.0,10.0,,
183996,1058417,1113114,50311,Saffron,0.01,0.01,,
183996,1058418,1113115,4503,"Cauliflower, raw",0.5,0.5,,
183996,1058419,1113116,1837,"Vinegar, cider",50.0,50.0,,
183996,1058420,1113117,4486,"Cabbage, red, raw",19.8,19.8,,
183996,1058421,1113118,1709,"Egg, whole, raw, frozen, pasteurized",8.1,8.1,,
183996,1058423,1113120,48780,"Cream, fresh, single",7.7,7.7,,
183996,1058426,1113123,1591,"Cheese, parmesan, grated",1.9,1.9,,
183996,1058428,1113125,49712,"Onions, raw",1.0,1.0,,
183996,1058429,1113126,21496,Corn starch,0.7,0.7,,
183996,1058430,1113127,50350,Salt,0.6,0.6,,
183996,1058431,1113128,50548,"Sugar, white",0.2,0.2,,
183996,1058432,1113129,49866,"Pepper, black",0.01,0.01,,
183996,1058433,1113130,237783,Sodium bicarbonate,0.1,0.1,,
